full_name,address,bank_code,salary,city,state,zipcode,account_number
Gavan Kilbane,05 Pine View Junction,9197,136249,Pakenjeng,,,3574213362630310
Elyn Gurton,5770 Grasskamp Crossing,7202,103005,Metsamor,,,3541776654315592
Delcina Guilliatt,8 Heffernan Park,4185,109089,Vilya,,607040,3540307393834783
Ebba Slade,74332 Stone Corner Street,1179,60807,Rawa,,,3584760405807139
Lexy Harnetty,36585 Golf Course Trail,5764,142856,Ujiie,,329-1311,3580948663747873
Britni Sutherley,9524 Charing Cross Alley,1123,75999,Zhongpai,,,3569017239024574
Jean Laffin,39912 Dixon Circle,5619,92020,Tengah,,,201834426108642
Bridgette Rycraft,6 Surrey Hill,8232,124758,Sokolov,,356 01,3569996388615185
Glen Bockmann,3 Glendale Park,5648,76782,Ilioúpoli,,,6759441980326017
Evita Davley,112 Graceland Street,3361,109830,Tuscaloosa,Alabama,35487,633437028165313042
Evvy Coe,9 Glacier Hill Avenue,6177,134006,Mbandjok,,,5602256075055607858
Larry Farrin,1 Vidon Road,3330,116293,Blangpulo,,,3577015569131316
Vitoria MacGaughey,987 Helena Circle,1006,97682,Goubangzi,,,3552719158114810
Hazel Trevethan,638 Forest Dale Terrace,3078,94941,Banjar Kajanan,,,4017958235868462
Shanan Fuller,6 Boyd Road,8257,132917,Shakhtars’k,,,56022575847676654
Connie Bougourd,3987 Waxwing Point,3840,119271,Xin’an,,,676123624410548040
Carma Fischer,8811 Knutson Lane,1063,85758,Viligili,,,201911395370799
Avie Carnihan,8757 Merry Center,9347,69727,Lachowice,,34-232,3570749699248650
Massimiliano Ayscough,42 Rutledge Place,6874,65982,Sukamaju,,,5542440193181288
Ralina Klammt,315 Scott Alley,8160,137174,Jianfeng,,,30374213855987
Dot McAughtrie,3436 Tennyson Lane,7682,104667,‘Abbāsābād,,,3542225552991517
Carlin Besnardeau,71 Comanche Hill,9819,146289,A dos Negros,Leiria,2510-325,201798669432060
Billi Chaize,58 Mariners Cove Avenue,2362,143808,Rembes,,,5100141037508389
Carlie Andrzejowski,1619 Buell Court,1637,104550,Wanurian,,,201926613691552
Damiano Count,7150 Crowley Lane,4178,94494,Tepal,,,3571718913958476
Valencia Rakes,43 Elka Lane,5632,56707,Fonte,Porto,4615-099,3534022036734658
Diann Blowin,8 Caliangt Junction,9062,101886,Tokorozawa,,988-0057,30513839143225
Hiram Croix,91 Mallory Park,2118,146708,Artsvanist,,,5010121793129645
Patsy Trewman,73 Truax Drive,4851,133122,Ruixi,,,3550181279552604
Gianna Lafford,82 Orin Way,3917,110357,Xujiafang,,,5169971869211894
Tucker Larne,0 Gerald Drive,9554,106140,Qabaqçöl,,,5610370204687956
Christiane Bach,39640 Orin Park,8492,119367,Radojevo,,,56109581650351605
Danie Edmondson,2654 Killdeer Avenue,2600,70132,San Luis,,5209,6767304952524300
Noami Batram,440 Namekagon Parkway,5252,113566,Hanam,,,3573903953500861
Orelee A'field,5854 Pearson Circle,9000,132528,Buenaventura,,764517,3565953659247838
Hayward Goscomb,483 Leroy Terrace,3291,85586,Wangjiachang,,,3581484182271285
Cirilo Farrants,05717 Fordem Circle,4153,90790,La Purisima,Guanajuato,36200,3584186826752680
Ronald Ewen,42997 Northridge Circle,5707,58597,Tasböget,,,3552745863127540
Con Sarfati,68 Schiller Hill,1338,47581,Makubetsu,,521-1342,3537361224435182
Gothart Astill,3348 High Crossing Point,9632,48870,Sernur,,425479,3576128046215973
Andeee Jeayes,7420 Stuart Place,9062,102780,Genova,Liguria,16157,5108755518675888
Wilhelm Beeken,8912 Di Loreto Street,1143,67852,Khilok,,673201,56022137337952945
Norri Baldery,05 Northland Park,2246,125817,Duyanggang,,,3580397456731233
Gawain Margrem,00 Eagan Terrace,2795,32401,Ponggok,,,5602228727632240
Faina Ruggieri,6 Dottie Hill,6474,121503,Wawu,,,3584084333095653
Twila Grocock,137 Farragut Drive,4896,131810,Dikhil,,,3578033668221283
Ilyse Tolotti,923 Dahle Parkway,5125,102691,Nunguan,,9610,30236623123969
Abrahan Chippindall,73420 Messerschmidt Drive,5418,121617,Karang Kulon,,,3562778993110662
Elinor Harbinson,24 Graedel Center,8711,128172,Konkwesso,,,6334828141581379
Cecily Woolliams,64941 Troy Drive,6230,62615,Bilovods'k,,,5602238776114552
Seumas Imlin,6299 Garrison Parkway,1385,96295,Oslo,Oslo,0031,3552840866294858
Josias Bacher,3 Shelley Junction,5054,93169,Pouzauges,Pays de la Loire,85708 CEDEX,5387661476572301
Alla Hullock,00 Dwight Junction,7565,80275,Shahbā,,,5108758937705807
Oates O'Doireidh,1 Prairieview Hill,1492,47491,Banturkrajan,,,0604291305347176
Yves Clemett,3031 Dapin Drive,5481,44976,Karangpari,,,5511762707175044
Roxine Yokley,441 Sunfield Point,7298,148108,Paris 15,Île-de-France,75712 CEDEX 15,63043734595535726
Garvin Pennetti,49 Burning Wood Way,8413,50179,Golubinci,,,5199222705193571
Almeda Hitter,5 Oxford Lane,2465,123504,Cafe,,5516,3585648734669206
Aurel Cardero,17108 Mallard Park,2723,36676,Nova Odesa,,,372301492563699
Connie Stowe,7306 Gina Court,3745,45215,Hongyuan,,,30061427181173
Xerxes Bickerstaffe,5 Bonner Center,6151,147520,Bara Datu,,,3542679938964624
Merry Danilovitch,85968 Kenwood Circle,4422,87882,Alor Setar,Kedah,05460,30492229396331
Gerrie Crosdill,757 Delaware Court,7602,115460,Leluo,,,5602225812939993
Way Pratt,36 Bunting Place,2883,116043,Helixi,,,3548449713495614
Kevon Slowcock,1324 Florence Terrace,3935,65129,Ribeiro,Aveiro,4520-712,4917694813753773
Korie Reville,73 Victoria Lane,3548,74952,Cakran,,,676278111403379214
Sarge Celle,084 Dorton Trail,8824,60511,Sławatycze,,21-515,4508597391651282
Sapphire Lavin,9963 Fisk Court,4237,116450,Dodoma,,,3546843076836822
Jard Lakes,8 Riverside Lane,9087,30960,Parbatipur,,5250,4405635717693051
Pen Woolis,965 Evergreen Road,4906,82630,Panggungrejo,,,3535844722855649
Sidoney Gentery,0870 Loeprich Center,2781,106040,Tocopilla,,,3579248477431993
Lucien Magrannell,7134 Florence Hill,1493,66031,Xiangzhou,,,3530735279371045
Thorstein Durrance,10 Rockefeller Point,9462,118043,Daliuhang,,,348838966178216
Dar Lochet,941 Sullivan Street,7458,120775,Changning,,,5038435346224985199
Nehemiah De Bruyn,64666 Dapin Junction,2656,122267,Zhougang,,,5228581947439984
Katina Outhwaite,08608 8th Circle,6265,48762,Touho,,98831,3547728328788179
Mahmoud Bavidge,949 Nevada Pass,4851,108983,Maastricht,Provincie Limburg,6224,3553192796214807
Gerladina Standring,96966 Helena Drive,1330,104145,Sangpi,,,5610182740120776
Celestina Rosenstein,1968 Golf View Avenue,3815,51895,Wang Yang,,48130,560222811940786598
Moyna Aronovitz,90213 Huxley Street,1351,39672,Norrtälje,Stockholm,761 51,372301802562894
Shannon Troyes,71 Oakridge Plaza,9928,76255,Balitai,,,3588050448170984
Craggie Dew,5 Moulton Pass,1539,61949,Sruki,,,3534202986928050
Bren Sandifer,34 Roth Junction,6596,58760,Anna Regina,,,376356396942403
Jessalyn Longson,123 Waxwing Terrace,9744,114819,La Dicha,,7039,490390110285556187
Laurice Isakowicz,4423 Sunnyside Parkway,8065,76359,Entre Rios,,89862-000,3551367090451048
Elfrida Klimpke,22 Fairfield Way,6692,112287,Santa Cruz de Guacas,,,4905207953598702
Demetre Fielden,9297 Sycamore Plaza,8959,88778,Jieguanting,,,3550577700676211
Vito MacGille,1982 Rusk Trail,2344,63731,Akademicheskoe,,690880,670941106358366794
Weber Corbin,034 Canary Center,3077,126747,Zhuanqiang,,,3566257177591183
Kerrie Bamford,1 Dayton Road,3075,118070,Buenlag,,2424,4026298944732165
Dame Slight,2 Green Junction,5952,88194,Vinsady,,357408,374288383204582
Hunfredo Thames,039 Texas Pass,5508,83430,Ban Talat Bueng,,20170,3543827823320019
Larina Allardyce,72 Cherokee Point,2042,93389,Paseyan,,,4936814054772293
Lolly Dericut,3264 Utah Plaza,7705,72965,Nizhnyaya Tura,,216646,3533982867512344
Mario Lyburn,493 Iowa Alley,3639,89795,Tangchi,,,3544206625421565
Luca Chappelow,372 Sommers Court,4917,121747,Qigzhi,,,5602256543580012
Ada Blay,20597 Milwaukee Hill,6266,84304,Liufeng,,,5020292672206008118
Yulma Turbard,26390 Everett Center,7167,130509,Haenam,,,5602237766448806
Juan Atyeo,38 Thackeray Parkway,2133,113874,Santa Rita,,,5602219216701372
Jeanna Niccolls,16 Lindbergh Center,3552,34124,Podol’sk,,456440,3574777827393706
Pauly Dosedale,4420 Kings Park,1909,43887,Karma,,,3587110167199902
Andy McAmish,93845 American Ash Way,9251,129072,Romny,,676620,3553207682057126
Cassandry Whewill,8 Del Sol Trail,5270,149587,Al Ḩawāmidīyah,,,30555486701268
Mignonne Haseley,487 Hallows Junction,5784,133722,Behābād,,,4917680182123391
Betti Iddison,6 Springs Center,7394,48209,Levandeira,Porto,4635-207,3531087096479919
Valene Frankcomb,171 Bayside Alley,8958,112174,Mabayo,,2109,67717627279513603
Pippa Howie,02989 Sutteridge Road,2158,119869,Bayan Hure,,,4917176507075937
Kirby Dumbrell,9639 Carpenter Place,7594,49294,Sabaneta,,11808,3586734975048505
Sada Cirlos,18650 Hanson Way,8930,88562,Xindian,,,3575411558670095
Abe Gourley,753 Blaine Plaza,7687,108781,Luar,,,3570853625374216
Harriot Timlett,91456 Sutteridge Street,1719,70611,Oudtshoorn,,6651,6767170674445862
Ludovico Sprankling,429 Columbus Pass,4099,82108,Arteni,,,4041599420065959
Niki Shearston,2 Del Sol Junction,7485,115114,Nakambala,,,503803241510051875
Fran Skahill,96339 Straubel Alley,2608,138131,Quintas,Aveiro,3810-833,30103006665992
Martino Van Eeden,1 Homewood Alley,3538,42160,Łanięta,,99-306,6372703206973378
Cordie Polino,51549 Karstens Way,2422,59960,Bebandem,,,3536933509344353
Buddy Leteurtre,231 Corry Junction,1215,144405,Molagavita,,682038,3548301560340643
Twyla Songer,99 Park Meadow Junction,5960,107539,Jian’ou,,,201923437091358
Lindy Threadgold,9394 Comanche Hill,9675,124610,Strömsund,Jämtland,833 24,4026623726003941
Averell Mowsdell,72 Jay Plaza,3463,130607,Trinidad,,,3542120613196711
Pepe Mahoney,98 Gateway Way,8226,57785,Librazhd,,,5602228772329067704
Archy Prosek,62 Parkside Trail,1330,92405,Gedaliang,,,30411663590746
Katina Fines,383 Macpherson Avenue,6449,37403,Breda,Provincie Noord-Brabant,4819,5010121559334298
Leonid Ouslem,71 Grover Trail,6256,84486,Tullich,Scotland,AB55,3570203698372988
Ingaberg Edmenson,8540 Melvin Trail,9110,39907,Bettendorf,,L-9359,5602239947116534
Melesa Tabrett,392 Birchwood Park,4141,58578,Huaguoshan,,,3541693757170560
Kristen Mewe,6911 Eagle Crest Way,5987,110114,Qianpai,,,3543819422660069
Nissa Innman,94407 Butterfield Lane,6363,92387,‘Aşīrah al Qiblīyah,,,5602216221158523
Marcelo Eminson,569 Jackson Alley,7517,118211,Dhī as Sufāl,,,3587441800510084
Allison Yaxley,0059 Meadow Ridge Terrace,7338,129868,Pasinan Barat,,,5602215282899595
Brandy Mollene,4435 Everett Point,6674,66722,Simpang Ulim,,,30280616072437
Aleta Garms,773 Badeau Trail,9820,96594,Bandhagen,Stockholm,124 54,633335894569150410
Margery Nawton,24459 4th Parkway,5661,75695,Preobrazhenka,,,30520645271819
Doll Duffy,76423 Miller Park,5418,93223,Bunder,,,4041373636283115
Serena Fitton,8392 Dakota Terrace,7944,143080,Albanel,Québec,G8M,5296428654648489
Damita Kiraly,2887 Badeau Court,6940,82482,Mūsá Qal‘ah,,,5602246922684055
Edwina Brickell,42087 Scofield Center,6265,38968,Silikatnyy,,433396,3581945491048499
Kirbee Dowson,524 Starling Point,6909,134812,Flic en Flac,,,6759422795341180131
Bard Talby,26906 Mcguire Court,5159,109589,Cariamanga,,,6381875098915623
Jena Giffin,232 Troy Street,1547,114907,La Viña,,4424,3564464967075649
Renaud Dominici,1576 Hovde Trail,8716,139421,Liushan,,,3579112061235774
Juli Ryce,1 Norway Maple Point,2582,113397,Vila Chã de Ourique,Santarém,2070-615,3558353421229090
Rubetta Pedrazzi,791 Waywood Pass,1285,45936,Guaíba,,92500-000,564182065576858540
Shelba Putt,6299 Cherokee Avenue,8739,145910,Jaru,,78940-000,3530208267623322
Kaia Ducket,953 Forest Run Trail,4210,85818,Hecheng,,,374288625201909
King Winton,77 Scofield Trail,6262,130535,Grabovci,,22215,67715300762587524
Webb Hanfrey,7321 Crescent Oaks Plaza,9849,83471,Pasar,,,3557727847090841
Lizzie Hedan,3 Sachtjen Circle,7771,117477,Postupice,,257 01,3547458953638396
Christoper Minkin,905 Ohio Junction,9672,46216,Rostokino,,357974,58936485221228612
Torin Highnam,0 Golf Course Street,3278,122609,Xuefeng,,,3587559877383273
Meriel Cutress,6 Saint Paul Lane,2083,57773,Huagang,,,676205141515475442
Ashlie Scholard,5 Farwell Drive,4751,59676,Moycullen,,A41,3534310695676629
Niall Sylvester,3 Meadow Vale Park,8345,121369,Wanling,,,4508215231481477
Nealson Pyke,9 Merry Road,1676,38224,Tangjiakou,,,5602250875994073
Cullie Parnall,63 Thompson Avenue,8079,73153,Jifeng,,,670616939400037102
Finlay Matushenko,0903 Columbus Pass,7105,104655,Beidaihehaibin,,,3571656408475988
Gates Friend,573 Vernon Hill,6767,100325,Gobernador Ingeniero Valentín Virasoro,,3342,374288967960633
Lotti Giral,3788 Clyde Gallagher Avenue,7533,122306,Arapongas,,86700-000,67631293906841538
Lorena Dominetti,240 Anthes Point,6633,41809,Oras,,6818,3577296933989882
Marlo Hardington,24 Bellgrove Plaza,7005,140307,Quimistán,,,3545535863795341
Gianni Haverty,8659 Pankratz Drive,2496,50141,Thị Trấn Tân Yên,,,3534795988013268
Darn Mitkov,4189 Grasskamp Parkway,2047,120862,Aku,,,3533734568988285
Karola Kirtley,75586 Katie Lane,4183,88269,Zhongba,,,3538334776919001
Sinclare Coucha,0354 Erie Trail,3286,79842,Tiechang,,,6706300337124166
Davida Marconi,3 Reinke Parkway,6971,127425,Glasgow,Scotland,G4,5414946554728835
Amerigo Serle,3367 Main Point,5382,138384,Pagersari,,,561055555438112144
Clemente Bennitt,67 Cody Crossing,2974,85707,Nyaungdon,,,3565648832390147
Thedrick Rosevear,07174 Mandrake Way,1417,70372,Dalo,,,3535470932633640
Noell Burgett,2 Mesta Court,4449,37006,Nūsay,,,676234810278323164
Karleen Marvell,06185 Veith Way,1588,101307,Basel,Kanton Basel-Stadt,4024,4844729762772446
Berny Smewing,795 Arkansas Place,9661,103316,Tapayan,,1711,5007663535522525
Spenser Sidnall,4 Oxford Lane,7749,120086,Long Thành,,,3573579291983637
Tomi Gittens,4 Grasskamp Trail,3406,122826,Cimalati,,,5100171500150419
Crissie Brampton,07188 Pepper Wood Terrace,4496,49881,Dzaoudzi,,97615,5602247342433883
Gussi O'Kinneally,01658 Hooker Place,8873,76742,Alejandro Roca,,2686,30577285471067
Kendra Fries,44 Center Avenue,5257,103046,Linëvo,,633216,3569326795934427
Dedie McNally,0 Glendale Park,4015,36236,Helsingborg,Skåne,251 08,3582323993044771
Wendel Carey,0 Sachtjen Court,8408,61154,Mozelos,Aveiro,4535-160,5602228774710964
Kaitlyn Redwing,85 Mesta Terrace,9685,76858,Kadengan,,,3548914178220625
Tabbie Lincke,5 Eggendart Parkway,7776,49751,Padangpanjang,,,3559895177008051
Kari Hastie,34711 Susan Circle,1525,110488,Port Harcourt,,,3586102793176959
Ryley Elston,11 Gerald Point,1616,122051,Laironja,,,3572533141649360
Nat Sacker,383 Oak Valley Court,3445,85473,Pécs,Baranya,7646,3570572030657292
Simone Toderini,73279 Fuller Place,5470,128647,Lubichowo,,83-240,373412767335033
Nisse Bene,28925 Memorial Point,8938,92208,Vsevolozhsk,,188649,3547191247037766
Vasily Rigate,25 Bobwhite Avenue,4615,122989,Kaeng Khro,,36150,3586862114234403
Yale Bernardotti,3741 Old Shore Plaza,3781,112690,Mwaya,,,3540932202418450
Annalee Rivelon,8 Village Alley,3053,50148,Mananara,,,3556617485741725
Ransell Sille,72688 Arizona Crossing,9270,136369,Potoci,,,3539254889914229
Zerk Kydd,497 Artisan Crossing,7478,37286,Taipingxi,,,337941885325620
Papageno Cockrell,4035 Starling Lane,1158,84946,El Carmen,,547079,3586443475917215
Ahmad Asey,5 Bartelt Way,2775,148716,Zhengji,,,201446681321685
Nikita Gullberg,66 Clyde Gallagher Pass,1463,73908,Lappeenranta,,54300,341040041976998
Cherry Jacobssen,07 Stephen Road,3302,115996,Buenavista,Puebla,74770,3532142074501942
Thomasin Bamling,76272 North Circle,2292,62335,Charleroi,Wallonie,6042,4175002706946909
Pia Lempertz,0664 Cascade Avenue,5259,63139,Kedung,,,5602253905131641
Heywood Laherty,98137 Claremont Road,7518,108349,Dubiecko,,37-750,3583985586104037
Cobbie Echallier,7734 Loftsgordon Way,9521,84319,Corbeil-Essonnes,Île-de-France,91104 CEDEX,677165988708378122
Derward Vidloc,3184 Express Terrace,7698,113620,Herval,,96310-000,3548263199822914
Raynor Gymblett,75368 Pierstorff Park,7965,46842,Beslan,,363303,589390446788113061
Pennie Prinnett,2797 Springview Hill,1384,35288,Satovcha,,2956,3572024613954256
Arvin Noton,82 Chive Drive,4418,49017,Ceuta,Ceuta,51005,6759248340365757068
Diannne Little,8550 Red Cloud Alley,8184,95356,Heping,,,3569272453697692
Cynthie Brooker,059 Twin Pines Trail,1775,129417,Ferapontovo,,161120,3571808406264852
Pattie Emerine,28 Summit Court,8550,138810,Mozdok,,363759,3588353536092593
Greer Hullock,75388 Brown Road,2009,72874,Sorong,,,374622743624305
Brewster Mawhinney,30 Coleman Hill,6170,84296,Rzhavki,,141580,3554670361920071
Jacynth Buckam,033 Kipling Road,4661,72777,Catujal Velho,Lisboa,2680-423,3555659426538456
Amye Grimshaw,167 John Wall Lane,4874,100854,Buenavista,,8601,3573874701680901
Beverly Bleiman,53 Pawling Trail,3947,126134,Tugu,,,372301086173087
Nils Snadden,2627 New Castle Center,9033,73263,Mangai,,,4041598413490
Schuyler Fumagallo,39 Maple Wood Street,6553,127639,Tongjiaxi,,,3583348587287238
Maryjane Chrestien,98 Mallard Drive,9254,131986,Uchaly,,453703,4508666000210598
Jose Looney,99616 Reinke Plaza,4265,108183,Jiyukou,,,67619286899170218
Vin Ricardin,896 Oak Valley Parkway,7604,143354,Murom,,602257,201892369321549
Glyn Arrol,5338 Algoma Street,6384,122807,Suso,,2725,201888057750130
Denys Albon,9092 Pepper Wood Trail,9031,113706,Kedungbulu,,,5893594417720318147
Jaye Goodisson,269 Cardinal Way,5939,110568,Buenavista,,8601,6334033162450725
Krishnah Worviell,05223 Erie Park,3458,51178,Sidaurip,,,5010127827398254
Nikolas Hazley,5649 5th Street,8307,113670,Sadov,,360 01,6385272622010285
Ariela Shellshear,995 Mallard Street,2931,141018,Fonadhoo,,,501895208692043296
Tessa Kelle,4 Crowley Junction,1047,108671,Longtanhe,,,371149186695983
Stacee McNalley,67892 Northfield Court,8295,137700,Jinlong,,,3540987791250821
Lynda O'Shevlin,3 Banding Terrace,3612,106217,Brejo da Madre de Deus,,55170-000,5602248608660821
Asa Briztman,7589 Mendota Street,6811,134498,Xianxiang,,,201971450787535
Katheryn Torrecilla,46991 West Circle,4268,75436,Karonga,,,6761532069623823
Micheal Eggers,48412 Morningstar Alley,4853,124845,Akim Oda,,,630418698956940184
Llewellyn Guyers,0 Messerschmidt Way,4173,79375,Bocowanti,,,3562472054736504
Sybilla Blockwell,3982 Blue Bill Park Alley,9467,54348,Foso,,,4175004263958095
Arabela Hernik,4 Surrey Park,5642,38439,Yanahuanca,,,3570646458900184
Nonnah Aylwin,42 Mallory Trail,8486,44379,Xinyan,,,5100149230158316
Kay Croux,0997 Merry Center,6552,122308,Funchalinho,Setúbal,2825-106,3531307935576950
Sydelle Bussens,72845 Russell Alley,7199,42415,Jiangkou,,,30409411643353
Vivien Davidsohn,704 Delaware Point,8736,79762,Eirol,Aveiro,3800-685,4041372524934763
Paige Hanscome,9 Dryden Street,8926,63800,Klapagada,,,201702721254918
Joela Varney,48 Carioca Pass,9539,111242,Intendente Alvear,,6221,3529140080062771
Carmon Stannard,009 Hovde Alley,3593,85688,Wailebe,,,5108756333642632
Sissy Joret,875 John Wall Crossing,5280,129457,Cibungur,,,5007661806607363
Maggie Blunsum,1 Talisman Terrace,4931,77102,Mannheim,Baden-Württemberg,68239,6771555748912240
Roland Darco,0586 Mayfield Alley,7166,118860,Selaparang Timur,,,5893511454683751253
Barny Gallifont,55 Marquette Junction,7580,91284,'s-Hertogenbosch,Provincie Noord-Brabant,5214,5048370080431521
Johnathon Wickmann,30 Anderson Center,3532,42499,Stockholm,Stockholm,120 30,3538565497494077
Cart Botham,36 Main Center,5449,107236,Mompós,,473008,5602241572934165
Anabelle Hearty,1 Sloan Point,2943,115461,Byuravan,,,633110996107681722
Spense Johansson,36 Thierer Way,9416,118859,São Raimundo Nonato,,64770-000,3581951888990459
Ruthi Fedder,9 Surrey Pass,2838,102347,Cristóbal,,11509,67064655255885330
Terra Barns,6936 Leroy Point,5130,38520,Banjar Bias,,,5412964884094481
Reggis Gabala,2542 Melby Hill,1791,33575,Cárdenas,,,3581001230939190
Osborne Kennion,0 Londonderry Plaza,2350,40965,Aytos,,8521,3569304665791284
Regina Davidofski,17 Porter Terrace,1397,112829,Mozi,,,372326812083573
Whittaker Queyos,085 Bartelt Street,4653,103664,San Esteban,,,5430542635386576
Chelsea Goodger,04 Russell Hill,9497,102628,Torez,,,3535269321586090
Leicester Junifer,309 Warner Plaza,2919,42594,Raczki,,16-420,3566945861772149
Helaina Coling,67 Cody Avenue,9529,91883,Pandasan,,3714,3562819032579887
Rhianon Merrien,012 Welch Junction,7894,124142,Yukou,,,6371681907642669
Eddi Culshew,80 Kensington Crossing,4360,126540,Wiwilí,,,5245335451077360
Rog Dickin,32853 Pond Lane,5422,94010,Luofang,,,5309165534476534
Karlis Knibb,15243 Hermina Circle,5767,62774,Tlogowungu,,,5511605707456882
Ashly Mayze,0 Hintze Hill,5424,46790,Barreira,Viana do Castelo,4950-680,3557590067616368
Shelli Janiszewski,53 Messerschmidt Court,4130,131654,Mandala,,,3571402104126744
Marris Ernshaw,1313 Arrowood Lane,1880,131559,Cândido Mota,,19880-000,6331100624470720557
Dunn Kondratowicz,5103 Washington Junction,1850,122635,Sidoger Lebak,,,3585688550446479
Riccardo Faragher,78490 Reinke Trail,3368,139283,Qihama,,,5551871523676118
Evangelin Pauletto,2 South Crossing,6503,50761,Monino,,142450,3571334083217766
Anetta Keyho,1 Emmet Avenue,4388,67167,Cajolá,,09034,5010126382176279
Kristofor Dimsdale,63 Crownhardt Place,5309,34836,Ciusul,,,3579640371456532
Garrot Verty,64 Caliangt Parkway,8698,104190,Buraen,,,3574192669529864
Wayne Easbie,10 Talisman Road,3773,85476,Komletinci,,32253,4405817059816876
Nicki Livingstone,1 Granby Court,6001,109960,Santa Bárbara d'Oeste,,13450-000,6387928499967810
Jackie Stonall,28709 Bonner Circle,3025,55213,Kỳ Anh,,,50185961864665695
Dael Bonicelli,44874 Mayer Center,9772,148166,Wojsławice,,22-120,201415754312665
Ansel Herculson,0 Buell Terrace,2963,103187,Sredniy,,141060,3559222172798687
Phyllis Kellitt,72867 Continental Trail,7201,35976,Tëplaya Gora,,618870,3530015930022695
Joan Cranney,0 Birchwood Junction,5834,121630,Quebrada Larga,,,5602215735427533880
Aline Borge,9 Jenifer Crossing,5465,97493,Bernal,,,5108757967681367
Myrwyn Goodby,92 Coleman Avenue,9905,46614,Datong,,,4041374706018
Teodor Suermeiers,816 Calypso Road,5656,112641,Várzea,Viana do Castelo,4950-221,3562122616864340
Courtnay Rapson,3652 Welch Drive,3483,99824,Sheshory,,,4917511926994211
Haven Heinecke,72 Columbus Court,8914,87471,Concordia,,,374288725425291
Clem Eckart,00 Pankratz Avenue,7449,57518,Mukařov,,411 45,3536504516264601
Doloritas Extence,2270 Anhalt Hill,6920,43573,Licheng,,,3537530317414995
Nanci Silverstone,3484 Pankratz Street,8318,61041,Mikulášovice,,407 79,4844272652412385
Kellyann Beig,1198 Talisman Trail,4044,98665,Hagonoy,,8006,3545094342327193
Prentiss Feeney,7 Goodland Circle,9765,119613,Kimovsk,,301723,3547652328150612
Jordon Ipsly,51987 Valley Edge Trail,5948,60708,Mehendiganj,,6431,5007665922922812
Kellby Dalyiel,5423 Loeprich Lane,3059,58657,Pont-Rouge,Québec,G3H,5524836111932037
Cherin Daughton,436 Shopko Trail,3936,143584,Cisarap,,,3574201753059017
Jeffy Gresty,5 Carberry Street,1088,114206,Jardoeira,Leiria,2440-370,3533495235835081
Annabela Briar,8071 Sunbrook Street,3460,56466,Winter Haven,Florida,33884,3578378588375515
Cleavland Mulvin,3850 Doe Crossing Plaza,5801,39725,Taldykorgan,,,3576333028301128
Starlene Whetton,35 Drewry Alley,8461,90180,Okulovka,,174350,56022461774416267
Keriann Bassford,9828 Norway Maple Street,9032,83597,Pampas,,,67714142183754122
Viviyan Fitzharris,617 Superior Way,4260,103830,Podujeva,,,6391134276672830
Emmalyn Knowlys,68492 Doe Crossing Lane,3205,115162,Rive-de-Gier,Rhône-Alpes,42809 CEDEX,3569817141067631
Henrietta Cattini,6 Kings Terrace,1546,110251,Hvar,,21450,560225348325664790
Betteanne Bodycomb,5314 Lotheville Lane,3372,76875,Yanai,,742-0021,560223388077294547
Dell Starkie,099 6th Alley,7735,102553,Pantenan,,,5602217545272272494
Arlin Salvador,88 Ridgeview Circle,1742,136238,Vayk’,,,5641826884926173
Jae Scanlon,7258 Blackbird Parkway,5590,41280,Pulangbato,,6711,3558395874715554
Marge Jaslem,09 Pierstorff Way,7128,139603,Berezivka,,,4844820989412708
Mackenzie Giveen,7 Hagan Park,2216,58985,Lechinkay,,361405,3540934423982090
Lonnie Starzaker,0 Merchant Avenue,3717,49795,Mueang Nonthaburi,,11120,3529595238629591
Kaiser Edwards,7 Ilene Point,8444,85532,Abay,,,4508449206769356
Terrel Eacott,7 Farragut Junction,7886,114894,Guruafin,,,4017951950316999
Burch Hawking,090 Pepper Wood Center,7711,89245,Leribe,,,4913251532796973
Noelyn Lamplough,76122 Delladonna Drive,9158,67583,Seraya,,,3537622185309652
Elroy Burston,86 Talmadge Circle,8412,116948,Bogatynia,,59-920,3532880531846687
Gerianne Dalby,503 Rockefeller Court,6361,80733,Kuripan,,,4903618172968113672
Carolina Blanking,44 Rockefeller Hill,5405,51468,Jipijapa,,,3550087133679030
Edwin Hakeworth,285 Twin Pines Plaza,9923,80883,Lianzhu,,,30159264874908
Sam Surby,01 Sunfield Crossing,7249,139208,Krajan Curahcotok,,,3537280364110787
Farah Pettigree,980 Fordem Drive,3985,137723,Marvdasht,,,3540261879749173
Merridie Tideswell,19001 Elgar Court,8511,146379,Lípa,,763 11,4905424352691695
Jabez Bovaird,22 Becker Alley,7162,114252,Ficksburg,,9732,3574703323919901
Vergil Gilchrest,7813 Grim Lane,4127,96768,Sabang,,2109,30371901769330
Wiatt Yakob,394 Dexter Street,3043,61133,Hassi Berkane,,,3544563910743859
Audre Heffron,32 Buena Vista Center,3196,121385,Yosowilangun,,,5602252455635752586
Kris Villa,25 Crest Line Terrace,8890,123460,Cambarus,,1259,3530411542269644
Hoebart Hantusch,8 Merry Crossing,8388,53892,Mozhong,,,6394542461798961
Tammie Ogers,5 Johnson Center,8089,79610,Tacuatí,,,3576483506904461
Harald Rathborne,74684 Waywood Drive,5022,44921,Gião,Porto,4485-174,30183734298738
Sandy Gouldstraw,3 Nelson Drive,6651,86262,Luzino,,84-242,670905605587430515
Daffi Leman,8 Porter Place,1639,53484,Revolucion,Veracruz Llave,93610,3549038386019246
Candi Shingles,63 Esker Crossing,5768,75300,Herálec,,592 01,3535093603800023
Charmine Lober,99 Jenna Avenue,3292,77894,Carangola,,36800-000,5002351203034669
Daisi Kirman,393 Grasskamp Center,9371,79247,Ningchegu,,,201412523503575
Meredith Phettis,95915 Porter Terrace,6132,93756,Portmore,,,560222490456449477
Adella Lyford,3 Fieldstone Pass,1960,64277,Balally,,D04,3549318120938996
Bonnee Gregorio,404 Loftsgordon Avenue,4432,81558,Ojos de Agua,,,67596164502656682
Aurilia Trigwell,3594 Moland Place,8863,31502,Worcester,,6870,30569461501460
Iormina Channing,2 Lyons Street,8029,128299,Parumasan,,,4917663126500908
Christina Teece,09148 Londonderry Court,2638,50610,Kuala Terengganu,Terengganu,20710,3554624649017176
Corliss Gowrie,89 Debra Court,6626,75596,Yujing,,,4913079622654863
Abelard De Minico,5 Lillian Alley,3688,82778,Zhoukou,,,3530401319117019
Annecorinne Manville,222 Holmberg Avenue,5135,37356,Ruda Śląska,,41-717,6395917353361293
Vere Shoulders,18199 Pleasure Junction,9895,61375,Đà Bắc,,,30186243497881
Lissie Adolfson,139 Spohn Parkway,9793,51065,Kolchikón,,,5183268246115746
Henriette Scarth,0483 Fairview Place,8570,49228,Lutun,,,4917927780304729
Sari Unitt,98 Hooker Hill,6582,104488,Fray Bentos,,,3542785948936138
Min Dryburgh,76 Fuller Way,1109,120655,Tumbes,,,6767684875535313
Herbert Garbutt,55 Moland Street,9348,124173,Khon San,,36180,3588139694354176
Suzie Meak,4724 Bay Terrace,4304,135337,Waru,,,589397802709912549
Lowe Rohan,2218 Cottonwood Lane,3907,49285,Lipce Reymontowskie,,96-127,3548603983371638
Tonia Huot,412 Goodland Court,9315,82534,Nunguan,,9610,6304278458094648
Ashien Asch,1 Everett Way,3157,112342,Choloma,,,5602227245114954
Horatius Kaemena,9355 Westend Hill,5270,68802,Āshkhāneh,,,56022423726214471
Albrecht Lewry,26504 Manley Place,5049,113915,Bolaoit,,2422,3587153572242016
Silvester Fawcitt,6649 Spohn Center,8856,142241,Kerek,,,374622270482309
Denny Moulson,0692 Bashford Avenue,1492,127955,Dahay,,9512,3547986991066683
Darrin Grouen,22060 Katie Pass,9387,128057,Bressuire,Poitou-Charentes,79309 CEDEX,6333841413865671686
Bren Jost,61907 Schiller Lane,5151,139504,Skärholmen,Stockholm,127 43,3574809261181626
Clarence Camilletti,68148 Graceland Place,3811,31671,København,Region Hovedstaden,1068,3580240438193231
Tedra Jeanin,87738 Claremont Trail,6674,60655,Sison,,8404,3571960249282185
Joyce Brabbins,19646 Arrowood Hill,5557,74840,Esperanza,,8513,3529483015612223
Emelita Bradie,2 Petterle Park,4860,130603,Dinghuo,,,201517618366868
Leeland Deener,4 Merry Point,3326,125606,Shi’ao,,,6762426609807649804
Paule Saintpierre,66 Lindbergh Way,2480,145793,Sukorambi,,,3553296833494783
Mufi Puvia,8 Hansons Park,4551,47449,Xinye,,,201931334024323
Berty Briereton,46 Manitowish Way,9823,135746,Primero de Mayo,Veracruz Llave,95193,3568617238822620
Deva Sancias,37270 Northland Court,4753,146060,Babakanloa,,,6334057462263462
Corette de Pinna,75 Kingsford Point,8891,103112,Eger,Heves,3304,5346813117043172
Allyn Markus,9155 Butterfield Road,5432,51991,Zawichost,,27-630,5100173252059483
Farris Pedlingham,8493 Beilfuss Point,4511,139964,Itaitinga,,61880-000,3556648894165099
Carter Finnis,8 Fairfield Junction,5098,100693,Queniquea,,,5002357625875555
Jannelle Wallenger,401 Mesta Park,8308,47581,Puerto Plata,,10502,67628658466476872
Vale Feltham,34 Arrowood Drive,2199,131448,Yŏnmu,,,3531538353179758
Skye Mesias,6146 Summerview Road,9175,85462,Kitwe,,,201994142859256
Ashbey Fullick,8 7th Crossing,2944,92083,Santa Cruz,Oaxaca,70762,374622215543694
Niels Meddows,706 Hauk Avenue,2264,62619,Quzhou,,,3582005025655423
Dulci Euplate,42323 Shasta Street,8703,123037,Anda,,6311,5893364661574052
Clari Momford,3 8th Avenue,1738,65400,Banjar Bau Kawan,,,3588613067510325
Martyn Hazell,5624 Bunting Point,7490,130283,Blois,Centre,41029 CEDEX,6709640747243795863
Brinna Morrish,2070 Corben Point,9361,74567,Hato Mayor del Rey,,11807,5007667657295976
Colby Wardell,5 Red Cloud Terrace,9699,91874,Saint-André-Avellin,Québec,T5Y,3545197892217720
Hedy Kasbye,6 Logan Crossing,6578,135204,Jawl al Majma‘,,,3569257778991003
Terri-jo Claw,4 Artisan Junction,8647,87592,Cimişlia,,MD-4112,3555753803153185
Netta Flemming,6413 Namekagon Trail,3901,76678,Melekyne,,,3534268810057770
Gussi Jendas,1 Wayridge Way,2206,89318,Asopía,,,3579428761297777
Lemuel Tire,72 Hanover Pass,8785,109966,Penanggapan,,,3528116435916318
Adda Oldrey,7 Montana Avenue,9793,145133,Sande Vila Nova,Braga,4805-556,3589581292067628
Rosmunda Lamswood,1 Hoard Street,2419,133150,España,,1444,3541289007247835
Rollins Filipson,6 Macpherson Drive,4766,64075,Xiangying,,,6394566825932586
Vera Langdon,7 Truax Alley,8134,144126,El Estor,,18003,4017955248217455
Gwendolin Jolliffe,17889 Drewry Terrace,8096,126046,Xinquan,,,3570038825072220
Dinah Forker,19 Tomscot Terrace,2215,73121,Stony Hill,,,374288775797870
Rube Muirhead,6 Service Road,9483,33786,Sanli,,,3545183286073481
Darla Livingstone,07337 Fairview Crossing,1547,65086,Rahama,,,4739277993944
Elsie McCowen,4338 Jenifer Way,2497,130295,Yanggu’ao,,,3572364256032766
Florinda Wainscoat,5594 Mitchell Alley,2251,119606,Xinrong,,,3556706319742130
Augustin Giacomucci,7789 Sachtjen Place,6969,104319,Darnah,,,30207936798060
Gladi Borsay,6 Graceland Parkway,4307,54695,Vilarelho,Viana do Castelo,4910-597,3550033076740033
Dacy Bolter,85 Larry Point,3950,149020,Alquízar,,,3564351430021286
Lexis Bohler,54329 Calypso Drive,4683,89876,Sherpur,,5840,5602214714420849
Tansy Tuffrey,33906 Logan Way,1449,122056,Casal,Porto,4600-757,3574868129065967
Nester Drewitt,057 Rusk Trail,2273,121617,Meilisi,,,50203566414798215
Myca Fossett,52139 Ryan Terrace,4695,117241,Pogag,,,3536333137592764
Zebedee Tethcote,724 Nova Pass,6952,112431,Caruaru,,55000-000,3577100146917302
Field Sibray,57 Sullivan Way,6118,100041,Tapakrejo,,,3586360824544385
Simone Dolton,47 Fieldstone Drive,7050,44107,Kazan,,421991,3535060275404376
Mickie MacKowle,2 Pawling Center,5960,112903,Utabi,,3508,676297543317263463
Conrado Mustoe,0881 Reindahl Center,7560,148713,Beringovskiy,,442379,201914646927144
Monah Esser,90825 Thompson Trail,8126,113997,Serhetabat,,,3569528364693413
Marten Wyss,0817 Loomis Alley,3633,98793,Ragana,,,5602237696500635
Olive Ravenscraft,591 Vermont Road,8360,58033,Lacroix-Saint-Ouen,Picardie,60618 CEDEX,3580205195260879
Tierney Phlipon,9270 Milwaukee Crossing,2188,137893,Kitakami,,956-0861,3542987257723020
Aime Acors,829 Mayfield Terrace,9707,90433,Spiczyn,,21-077,3578480377812292
Jany Gauntlett,07847 Rusk Drive,6938,58955,Knivsta,Uppsala,741 96,3586890144528957
Brigitte Kuhle,2671 Graceland Road,8593,60414,Skópelos,,,3568222460048935
Kurt Sproule,2 Hallows Lane,4408,84489,Chicago,Illinois,60686,4844845044282390
Helli Harbor,4 Leroy Junction,6442,51120,Alacaygan,,1212,3562721884557062
Luce Nassie,85999 Grover Circle,7657,68705,Portoviejo,,,5100140515000273
Marion Marrow,210 Hollow Ridge Road,3210,89167,Momignies,Wallonie,6594,67628903400930158
Carol Hearfield,431 Farragut Court,1628,144279,Wangyi Zhendian,,,30186826392897
Rozalie Redon,55 Prentice Pass,7630,30276,Linqu,,,3529644876350472
Barbee Pellamonuten,590 Kropf Lane,6090,133600,Intendente Alvear,,6221,560222217645988945
Rozella O'Hengerty,9 Johnson Road,4642,136645,Bigoudine,,,3542464502710087
Robyn Toyne,8 Menomonie Lane,8262,53212,Damai,,,3588694994151557
Carrol Pollak,6665 Morning Alley,3575,77858,Terenozek,,,3566581571766608
Gloriane Giacomucci,053 Kings Street,7923,141644,Juzhen,,,201909635253163
Hertha Chesson,4829 Northview Center,4086,82573,New-Richmond,Québec,J7R,493644216085500669
Cristy Barlow,6422 Lien Plaza,7674,65614,Surcubamba,,,201650190016906
Pacorro Zaczek,46 Birchwood Street,7787,107495,Xujia,,,3529932994112670
Nickie Bouttell,6 Dayton Street,7665,43502,Blois,Centre,41904 CEDEX 9,201880514274804
Ibbie Beckinsale,7095 Sachs Lane,5038,88298,Susaki,,987-0352,3583307786050300
Bernie Hauger,67 Swallow Trail,8234,61845,Diez de Octubre,,,3589476904102667
Gill Standon,19249 Gerald Lane,8945,125062,Būlaevo,,,3559684203105341
Barnabe O'Donnell,8006 Moose Alley,9872,81192,Isyangulovo,,453380,5002351507660144
Shem Apperley,99977 Sunbrook Place,4349,87716,Mesker-Yurt,,366311,5388422909699263
Indira Godilington,5504 Tennyson Court,2165,43692,Mobaye,,,201814053558251
Curcio Reburn,7 Elgar Court,9285,111717,Şūr,,,5100134882111201
Tadeo Witsey,34260 Elgar Place,8585,82908,Berdyans’k,,,3581119032273194
Joel Draaisma,18 Stoughton Pass,7690,96716,Lucé,Centre,28114 CEDEX,3542844993408681
Chrysa Frankom,7 Express Junction,2460,45650,Boca de Uchire,,,5602247736067610
Barbra Phalp,11404 Dayton Circle,7832,96008,Kafr Baţnā,,,4508294855295695
Ceciley Spurgin,6 Luster Avenue,5722,123999,Youyun,,,30391685878057
Raff Summerlad,7 Bultman Terrace,8367,71550,Dogarmo,,,5018289955182694
Raff Burkin,57825 Mandrake Terrace,7246,101010,Welchman Hall,,,3565218463927284
Fields Dengate,8 Corry Trail,7925,98347,Shināş,,,3537362482425980
Idalia Salvati,54851 Scofield Court,1598,95070,Diamantina,,1017,3572927543490540
Dennis Warwick,7 Oriole Street,4117,146508,Sipoholon,,,5453343881264324
Zarla Juniper,9 Sundown Drive,7475,68361,Pinyug,,613920,4041598823878828
Amara Churchward,93806 Mockingbird Park,5770,92717,Bāglung,,,3576330500851109
Denney Hosten,405 Ridge Oak Plaza,3617,32771,Ambian,,,5602232085193068
Bram Ruddiforth,87 Esch Lane,8803,124790,Aībak,,,3542405665284576
Rory Adkin,47810 Bowman Drive,2251,79568,Czchów,,32-860,5602219559293996054
Glen Prophet,89 Transport Street,8998,101636,Milicz,,56-300,3543694039424096
Selma Aprahamian,072 Debs Plaza,6175,42612,Ljungsbro,Östergötland,590 73,3532304727074137
Cross Sacaze,96726 Iowa Terrace,1708,31897,Colonia Elía,,3261,3556337901578300
Roze Wattisham,0599 Fair Oaks Trail,1117,148793,Arroyito,,2434,3567713786914637
Wilt Klewi,667 Hanson Avenue,9299,35112,Le Puy-en-Velay,Auvergne,43010 CEDEX,5893239803957404554
Mateo Temblett,7547 Graedel Circle,7438,135366,Senta,,,3549891373559412
Tobe Bellis,9 Oneill Place,1970,43276,Safakulevo,,641080,4508759193049830
Ravi Gillopp,61 Springview Hill,8005,34172,Montevista,,8107,3560485348124941
Burch Edwin,18 Stoughton Lane,9155,134316,Athabasca,Alberta,T9S,5610569395416071
Celie Waller-Bridge,645 Sugar Court,2089,63067,Aibura,,,201845203344085
Jessa Sparrow,39163 Oak Valley Court,2945,37242,Long Layu,,,4911774631880002
Vanessa Harverson,14 Division Place,4816,109328,Wunat,,,3588415221759958
Raleigh Plews,3 Banding Point,6357,135523,Luwan,,,3530741592812210
Tobie Dunckley,2 Kim Way,6228,139248,Ribeiro,Porto,4600-758,3578091188633791
Lucais Curner,596 Glacier Hill Center,2297,109641,Shangyuan,,,5465785528847315
Dasie Lavender,82 David Plaza,5870,142938,Dahe,,,6374414120289879
Carl Gottschalk,7497 Pawling Junction,4011,139635,Pengandonan,,,3531993391697313
Amabelle Conway,77670 Browning Avenue,5347,143560,Blagodatnoye,,356503,30244129224851
Kathy Abramov,3037 Roxbury Crossing,9566,138783,Malec,,43-356,6383610448083485
Minne Farrey,2418 Fieldstone Hill,4866,108489,Várzea de Sintra,Lisboa,2710-106,5893058113871385733
Rhodia Meert,4 Barnett Park,3597,91400,Brodek u Přerova,,751 03,3549681494860264
Babbette Esselen,7 Melvin Circle,8864,123381,Dal’nerechensk,,692980,3579056772344781
Collie Creeghan,1977 Monument Plaza,6739,136767,Butigui,,3508,670925680635621254
Eulalie Durden,03645 Pierstorff Drive,4069,69138,Loreto,,8507,5477681194437729
Prisca Ambrosio,5 Elmside Parkway,8205,132820,Jinbo,,,30005963016178
Angus Tuminini,1080 Washington Crossing,4614,143741,Cibeureum,,,4175003214434909
Clement Brockington,37318 Mcguire Terrace,6168,135471,Borik,,,6333606164753771584
Amalea Mebius,08 Pepper Wood Center,1832,38086,Marttila,,21490,5007661771204691
Brenna Martignoni,43128 La Follette Avenue,3351,45720,Kladi,,,30261571323015
Chlo McLukie,3 Burning Wood Place,1666,97407,São Bento,,58865-000,4175009039895299
Bernardine Tremonte,000 Hagan Place,4952,57155,Vinica,,42207,589359418566630094
Ephraim Shapland,91 Birchwood Hill,3095,100212,Qingnianlu,,,3580674382315798
Aldridge Duffin,0081 Utah Way,2807,68654,Jaruco,,,5310359550792117
Linda Le Jean,49563 Holmberg Park,2211,141862,Chynów,,05-650,377889630923119
Flor Ingle,35 Holy Cross Place,9199,59266,Kardamás,,,3541933394125845
Anetta Kitchingman,15472 Del Sol Trail,5120,104497,Monte Plata,,11102,3584629624895516
Garry Compson,245 Meadow Valley Hill,1217,36981,Manna,,,3549525326747662
Phylis Bauldrey,47 Manley Trail,8244,84342,Languan,,,3547836450439634
Lara Welldrake,6005 Lakewood Gardens Alley,1415,50687,Leninogorsk,,452141,3550584644392913
Fransisco Kobisch,3097 Kingsford Trail,1967,116577,Huacaschuque,,,5100178863227841
Shalna Rogliero,3 Dennis Way,8331,64062,Várzea da Palma,,39260-000,56103302756480131
Wallis Apfelmann,795 Maple Wood Drive,8617,135087,Cimuncang,,,4936839420219658521
Ashien Eilhermann,88 Ridgeview Junction,4036,103426,Ulapes,,5473,3585717859981348
Olivia Pert,319 Green Ridge Hill,4820,33612,Duisburg,Nordrhein-Westfalen,47139,6759597075563738844
Ursa Genders,670 Sutteridge Hill,2512,79463,Mokolo,,,67719428059464689
Reyna Imlin,07608 Vera Pass,2650,58624,Xumai,,,3588110944852657
Berry Mutch,358 Moulton Hill,8869,125652,Guanyinsi,,,201436141659923
Donalt Plinck,895 Springview Circle,2909,58102,Tunggaoen Timur,,,3585585843203107
Chuck Huglin,41 Bobwhite Drive,2242,70300,Gérakas,,,3586157436155109
Nikki Gaspar,5 Scott Park,7823,75813,Rahama,,,3542183114073995
Vincent Kenyam,77351 Evergreen Hill,5720,88930,Batad,,5016,3584511233217706
Gert Rowling,91 Goodland Pass,2082,32890,Cuilco,,13004,30571662976350
Jannel Hallock,79 Fisk Park,5500,132239,Shidong,,,56022223731772301
Desiree Neicho,4561 Beilfuss Place,7139,104423,Gatesville,Texas,76598,3588477278701077
Kaitlin Deakin,6917 Pepper Wood Road,6442,140781,Puncakmanis,,,6334819506776024147
Rockie Rollitt,31530 Gerald Park,8371,112598,Nyurba,,678450,5610113161968435
Gaven Beckworth,1332 Surrey Junction,1335,139130,Ülken,,,3563573501131683
Neysa Courtonne,33298 Springview Center,7887,89219,Kedawung,,,201767154158076
Stacy Lain,29 Rieder Drive,5622,129860,Halamendu,,,4905098114670871811
Marguerite Chastan,1929 John Wall Center,7113,125637,Mamali,,9611,5602213616011599
Ruddie Le Prevost,6 Anthes Alley,6191,39212,Guyam Malaki,,4125,56022260335076226
Fowler Goulborn,35 Brentwood Point,5430,42022,Suwangi Utara,,,3545733210439420
Helli Fossord,448 Hudson Junction,6703,149398,Karajeun,,,3584263654957861
Tedie Brigdale,44 Morrow Drive,3832,143704,Novovasylivka,,,67624992710989370
Daven Winstanley,32956 Namekagon Pass,6890,92995,Longshan,,,372301616255206
Darrell Boyson,41866 Lawn Alley,2137,67509,Wenshang,,,342013286867635
Dwight Patesel,88 Kingsford Place,1901,70745,Corupá,,89280-000,5020702889062651328
Prisca Wedon,634 New Castle Hill,5439,31040,Shantou,,,201841673198705
Emmit Gipp,478 Northfield Center,6332,62375,Tall Tamr,,,6759409171856323507
Priscella Somerton,1 Quincy Road,8278,131986,Sebegen,,,3528060330019507
Wat Slowey,8407 Sutherland Hill,3442,72396,Cut-cut Primero,,3119,564182968633250710
Mathian Suckling,12 Emmet Plaza,5212,37451,Olenyok,,641023,3556133382185875
Chloe Trent,7353 Mariners Cove Center,2333,127658,Zográfos,,,3556666100423169
Tiebold Archibold,93 Kim Junction,5533,86668,Itagibá,,45585-000,3557109015617558
Erskine Crier,01 Twin Pines Hill,9747,97015,Midoun,,,3535344276097409
Thorndike Wanstall,98 Oriole Trail,6101,104482,Shihuiyao,,,5002350694536828
Terrie Sibbson,63426 Dwight Center,1566,114906,Anguera,,44670-000,5641829647259759
Filberte Pedden,2742 Lake View Drive,1325,105289,Miami,Florida,33190,3552907979412337
Hollis Baybutt,926 Almo Drive,5662,43903,Xin’andu,,,3529389822410166
Adrian Georghiou,5 Monica Crossing,6605,112839,Lengshui,,,3583295599772352
Byram Middler,0 Golf Course Terrace,2868,79871,Fukura,,999-8521,5602249015569738
Piotr Whether,78700 Kingsford Parkway,5933,70358,Ust’-Isha,,659507,3575384111291529
Shauna Boddam,7256 Sutteridge Point,9302,43855,Bieqiao,,,3550105601388130
Lisabeth Muncer,0 Fairview Place,9159,98029,Châu Thành,,,5002354625910839
Christy Wadwell,810 Merrick Circle,3940,30139,San Juan de Planes,,,5602241279850130763
Celka Huzzay,958 Bluestem Drive,6058,44330,Vose’,,,6334584370512581
Ree Sawdy,77063 Dovetail Crossing,5887,123129,Bačka Palanka,,,3586855937691296
Miguelita Arstall,083 Pepper Wood Place,8204,78256,Sheki,,,3553857986600938
Serene Bax,225 Glacier Hill Circle,5997,96377,Seara,Vila Real,5030-384,5602243568523085
Andie Giraudot,28 Green Trail,2547,60512,Xiayunling,,,3550120883191425
Hanson Airlie,08 Loomis Lane,8871,33192,Madan,,,36608082356302
Averyl Bromehed,9 Burrows Way,8577,32159,Butwāl,,,5602226496508617
Amye Alderton,665 Wayridge Point,9475,116674,Kampungbajo,,,4041599933497889
Donia Bletsor,0362 Rigney Court,7207,82935,Stari Banovci,,,5602258817100543
Cloe McGavigan,369 Westerfield Center,6689,82617,Mwembe,,,6759850745928810098
Shep Towner,56 Golf View Court,1890,58490,Yungaisi,,,3559023763902948
Adan Dowrey,0831 Petterle Court,4535,52821,Cisarap,,,3532608849535142
Burgess Gwillym,79 Steensland Street,9209,54565,Ghouazi,,,3538848585491548
Sonia Conman,95 Huxley Avenue,1546,61532,Porto de Mós,Leiria,2480-301,3571843243661705
Trenton Gunston,83 Summer Ridge Lane,8196,119168,Jardim do Seridó,,59343-000,3547495145223984
Janella Quiddinton,56518 Farwell Trail,6225,89151,Baratleke,,,3528362927403080
Stacy Satterfitt,363 Melody Way,3407,114458,Xinhe,,,3550086995781264
Wakefield Prestwich,1 Forest Run Place,2845,127140,Vila Nova,Braga,4710-627,6334820052416356
Dov Castleton,2 Jackson Lane,9157,82655,Perugia,Umbria,06124,5610782061064394
Sherie Dulen,9915 Colorado Plaza,9609,37796,Stockholm,Stockholm,114 49,3565277394109206
Tammara Rylands,8545 Mariners Cove Street,9853,138454,Quanling,,,3571532788812456
Barbabas Cromblehome,24 7th Alley,6337,136866,Beckerich,,L-8523,5602241558992351
Alia Regan,2 Harbort Trail,4819,100621,Tongjiang,,,3573969668097303
Dannie Crathern,029 Park Meadow Alley,7975,107366,Kašina,,10362,5602245095826188
Marget Corradengo,81 Packers Way,5258,133549,Krasnodon,,,3551721696650983
Charmaine Parkman,7 Heath Center,3427,85294,Kanáli,,,343792681674840
Timothea Brayshay,5852 Haas Junction,4984,47821,Wulan Hada,,,3577498841393484
Odo Holworth,09443 Mendota Plaza,2237,64719,Tianbao,,,3576732797842776
Dick Doulton,96 Sunbrook Road,3052,114710,Dingcheng,,,3577237804987795
Thain Lewerenz,50804 Scoville Crossing,4740,82954,Jihlava,,586 01,5602253740878166
Elisabeth Count,533 Fuller Court,2674,143821,Xiaogang,,,4041375247888729
Georg Corrado,2986 Columbus Drive,9346,63819,Macatuba,,17290-000,6390470050271774
Nevins Greedier,27 Golf Park,9166,30034,Радовиш,,2423,3555740879848541
Car Kiffin,4 Saint Paul Terrace,6239,147265,Châtellerault,Poitou-Charentes,86104 CEDEX,3564915888491850
Betteanne Venediktov,818 Macpherson Parkway,5637,95932,Alivéri,,,5602251099767675
Nanon McGillacoell,94 Pennsylvania Avenue,9809,143347,Shyroke,,,374622699885306
Belicia Philippon,63 Comanche Park,5530,144576,Plaza Huincul,,8318,3541477763075710
Reggi Binnie,8076 Vidon Point,4154,137061,Virolahti,,49901,3534756776982676
Ivonne Sapsforde,30 Anthes Pass,5148,87009,Dubti,,,633437695912763685
Celie Gogerty,08 Becker Junction,6397,102191,Wuquan,,,3529485787725067
Immanuel Bauchop,00212 Vermont Hill,1167,59547,Āshtīān,,,3567604600655755
Aurora Nequest,8 Emmet Parkway,5247,34992,Gaokan,,,3540752803129201
Lance Trenholm,88 Roth Plaza,3471,39659,Preko,,23273,5602259898567790
Lance Cappleman,9809 Monterey Park,9843,59722,Kęty,,32-653,5038550906303610601
Nels Nalder,49 Transport Pass,4854,71928,Pa Bon,,93170,4508237764293475
Keir Syversen,894 Delladonna Center,6659,101156,Agnibilékrou,,,3546700182238824
Maura Manns,1 Monument Junction,6380,39360,Oslo,Oslo,0512,3578636951830634
Chantalle Everist,8078 Bayside Parkway,7647,124695,Pajala,Norrbotten,984 28,3545703584199678
Caril Seczyk,771 Pawling Junction,8694,36915,Cereté,,230559,36235086310471
Cortney Loddy,7868 Goodland Hill,8972,149072,Panjiawan,,,30533574469239
Cora Blazeby,37 Becker Circle,6822,100993,Dengok,,,675972845416607407
Beaufort Harkins,999 Calypso Place,9289,70805,Wuli,,,3579882745035754
Lily Tuxell,37133 Eggendart Junction,9148,113650,Kalasin,,46000,6304616357267533925
Judie MacAdam,3376 Chive Court,8307,73737,Fyllingsdalen,Hordaland,5145,5602225728421136
Francesca Roma,914 Northport Pass,8215,93798,Sūq ar Rabū‘,,,3545478016359451
Romain Walkley,6 Hagan Way,7871,149131,Zaragoza,,3110,4508917571489321
Jervis Salmons,0 Transport Hill,1792,118017,Borås,Västra Götaland,501 78,3555872374773369
Engracia Dirkin,6 Pierstorff Place,4817,126724,Shagonar,,668210,3535497099684025
Jaquenetta Brandt,857 Memorial Terrace,6106,86631,Kórnik,,62-035,5100131978572510
Danell Tripney,64 Kingsford Center,3111,68888,Itaquyry,,,3549043753117664
Marcelline Rickersey,30 Jackson Hill,7797,76062,Příbram,,664 84,6767694261795629
Grayce Ysson,0 Meadow Ridge Junction,8151,144156,Batojaran,,,201750092089207
Hillary Crass,25 Sycamore Hill,1351,142884,Santa Maria,Coahuila De Zaragoza,25903,560224937301529885
Deedee Chiommienti,47 Mallard Pass,3397,58950,Sinjār,,,676727173132328463
Park Heindl,8 Melody Trail,2361,44146,Göteborg,Västra Götaland,411 36,5168620938747724
Rusty Demogeot,369 4th Drive,7235,56982,Ban Phaeo,,74120,4913894415650922
Keenan Goldhill,12417 Cottonwood Street,7502,127650,Bolorejo,,,3551636681575856
Conrado Dillamore,19 Lyons Crossing,5482,146353,Darhan,,,373676649415797
Arel O'Logan,892 Hazelcrest Center,5354,53468,Kelapa,,,560224078276732368
Simonette Brosio,9379 Sachs Hill,6963,123049,Youzha,,,6378237424406972
Lyman Kennerknecht,088 Myrtle Pass,9877,84625,Barnaul,,656008,4175001902239499
Teodoor Spoure,26943 Walton Circle,9110,144782,Caldas da Rainha,Leiria,2500-070,501806322817359046
Colly Gillman,8956 Katie Avenue,9355,67220,Bontang,,,4844874877966069
Sawyer Hrishchenko,7 Service Place,9991,139143,San Pablo,,,6709537465417915
Luciano Prestie,2446 New Castle Plaza,4602,93396,Novo-Peredelkino,,143015,5266758908662795
Gustave Feldberg,9391 Huxley Plaza,1972,115614,Jayawangi,,,201650184833456
Janeczka Roelvink,1 Grim Park,4193,116463,Sambongpari,,,5002354379285578
Larine Vlasyev,53729 Prairie Rose Parkway,5128,36290,Dzięgielów,,43-445,6397179592783195
Shelli Matelaitis,653 Mariners Cove Pass,6447,58540,Sylvan Lake,Alberta,T4S,3559183069308214
Filip Sara,552 Atwood Court,8249,59130,La Colorada,,,4911939904922839249
Osbourne Hanhardt,938 Cherokee Way,1712,47396,Maramag,,8714,3560190816441351
Tedd Oak,2 Larry Circle,4742,103013,Jangdam,,,30377438461994
Boone Cranage,1502 Butterfield Junction,3905,86231,Tamianglayang,,,6390239185134599
Tamera Imms,0768 Tony Alley,8955,64794,Boise,Idaho,83732,67712112470738767
Lily McCrorie,7499 Westport Circle,3251,55824,Aulnay-sous-Bois,Île-de-France,93604 CEDEX,3538427394957096
Todd Brixham,63 Claremont Place,5494,121160,Dzoraghbyur,,,5431122116150129
Ruthanne Pumphrey,6084 Corben Pass,6405,70356,Shebunino,,694761,50382813365657658
Ali Kondratyuk,2 Fallview Trail,6126,39446,Emmaboda,Kalmar,361 31,4026057181507189
Leeland Brushneen,11 Rutledge Crossing,1763,108403,Groznyy,,385798,3561307012817528
Dion Suche,1 Blue Bill Park Avenue,5122,120189,Caigongzhuang,,,3582075780986594
Tiphany Jelphs,44332 Weeping Birch Center,9300,54228,Arenal,,,344561034177333
Eddy Tettley,1771 Elmside Pass,9880,68476,Mỏ Cày,,,3573332757515950
Antonietta McIlwraith,703 Merchant Pass,3748,37307,La Huaca,,,5893957641936562
Jeanette Crotty,10689 Norway Maple Road,5964,68355,Little Baguio,,4703,3530108096032663
Desdemona McKay,54666 Sullivan Trail,1562,105988,MacArthur,,6509,3564404959207644
Inesita Maren,11 Cordelia Parkway,9248,77621,Xinle,,,5038156600129852186
Ronnica Vergine,8 Sugar Point,5731,86285,Yeniköy,Manisa,45600,6709036384208561858
Miquela Quin,05938 Lakewood Court,6804,57146,Borda da Mata,,37564-000,3542549250675266
Micheline Murison,56169 Banding Pass,5205,142305,Vnanje Gorice,,1358,201455356108376
Bill Deex,6 Troy Street,3287,68553,Tagasilay,,4435,3570835137954460
Myranda Foulks,126 Hayes Circle,9769,82492,Amieiro,Vila Real,5070-175,3539256129469690
Levin Edgeworth,562 Granby Hill,1414,76519,Yangon,,,5048371346395393
Lynda Rigden,455 Continental Plaza,6236,137546,Tumauini,,3325,3544399771816918
Frank Carah,61 Maple Point,3812,69785,Ajuda,Ilha de São Miguel,9545-015,4041598232239
Raphael Elbourn,2984 Summerview Way,8228,74123,Uchkeken,,369394,56022307609185736
Deck Paal,331 Green Ridge Plaza,7556,76152,Gaotai,,,337941931220981
Colette Pearde,112 Pond Court,5408,84018,Banatsko Veliko Selo,,,5100177735385316
Janette Antcliff,57 Hollow Ridge Alley,1338,77515,Gouxaria,Santarém,2380-159,3546481965074088
Beltran Snoden,1871 Waxwing Trail,5313,46825,Tajao,,6039,5260419159182159
Tiffanie Dami,6048 Quincy Lane,8256,31125,Cẩm Phả Mines,,,201468984170908
Bridgette Ekins,0203 Clarendon Drive,3569,114334,Benjamin Constant,,69630-000,372301035125121
Rubia Drever,56 Claremont Parkway,2679,47864,Santiago,,,201744761698927
Beverlie Jamary,701 Buhler Parkway,6350,134030,Millet,Alberta,T8C,3577857140594789
Honoria McRobbie,09085 Crest Line Terrace,6439,51882,Žlutice,,364 52,3551096107632817
Shayne Jorge,990 Arkansas Point,3682,52905,Fort Beaufort,,5730,5602240009988554
Clayson Whapple,69 Manufacturers Center,3688,91590,Lintan Chengguanzhen,,,4070024594248889
Mattheus Warters,56260 Toban Drive,1479,102116,Sabaneta,,11808,5602254992053433
Torin Leynham,9693 Ludington Terrace,2839,129720,Vynohradove,,,676110575549084882
Lucine Borrott,2 Menomonie Junction,8960,45297,Ban Phaeo,,74120,5408229969710732
Marybeth Buret,1 Dottie Court,2796,142511,Ust-Maya,,678620,6771936449207926
Arlie Lealle,7 Canary Trail,1387,123170,Filótion,,,3588498286094206
Dorthea Kenny,1 Bonner Point,5546,138557,Sovetskaya,,692854,3583328434674010
Biron Barca,7 Messerschmidt Hill,9848,99272,Lonpao Dajah,,,3530128707823318
Granville Folomin,23258 Barby Alley,4076,90715,Al Ḩawātah,,,060490908072939999
Nyssa Clendening,6705 Commercial Plaza,4654,121355,Jawatiwa,,,6706431184281775194
Hannis Chapelhow,1136 Esch Park,4963,127083,Calanogas,,9319,30345262981395
Egon Trinkwon,7 Dawn Terrace,7733,142326,Boawae,,,56105808644622971
Ali Balchin,80834 Golf Alley,9893,144535,Salinas,,1656,6761215146171578118
Lutero Corradi,19267 Vahlen Drive,1489,67321,Badean,,,3557185835361429
Shaun Ebbage,40 Blaine Road,7758,126940,Carcarañá,,2138,5602230847929678476
Enrique Zmitruk,95095 Maywood Plaza,4116,103200,Río Hondo,,19003,3531879079879804
Dave Bruntje,23 Shelley Parkway,2561,76947,Sumberejo,,,6334906355393374
Justino Leverette,7071 8th Alley,1776,134437,Loughrea,,H62,374283504321894
Padraig Christall,96435 Brickson Park Point,7840,64095,Roanoke,Virginia,24009,30461915388001
Lettie Medley,053 Debs Park,2349,69481,Hongtian,,,3536799621695729
Miles Craghead,84390 Portage Plaza,4914,82785,Storozhynets’,,,372770309441952
Maiga Payler,85 Hudson Circle,9555,118652,Ulcinj,,,3553299446973425
Gae Strelitzer,2815 Loomis Hill,3987,57713,Cerrito,,681509,3555968887136100
Gwenora Spitell,32508 Cordelia Way,9078,55665,Rumelange,,L-3755,3584828432722553
Cassie Menendez,1250 Londonderry Center,9315,96958,Nalus,,9514,56022300508301819
Annie Churching,74 Grayhawk Road,1720,119004,Jeżów Sudecki,,58-521,30196590742672
Horst Goodnow,761 Anderson Lane,2899,72129,Vila Nova,Viseu,4690-588,5602214336398860
Ellette Cleverly,6537 Mayfield Place,5217,148068,Baliuag,,3006,3575409820222463
Gizela Van den Hof,8 Aberg Park,1769,145350,Pesisir,,,5048376647777041
Christalle Maiklem,89 Shasta Trail,6503,73248,Nanbao,,,3538155175599155
Amii Trelevan,8 Kenwood Road,8965,124330,Puwa,,,3572534304150139
Aguistin Gonzalo,8748 Barby Alley,2748,36222,Idhnā,,,3575465169093006
Chrystal Salisbury,4 Stone Corner Avenue,9463,55834,Aibura,,,3548545879947072
Ginger Braune,7 Lakewood Gardens Terrace,3179,47862,Gaspar Hernández,,11203,3549867912818121
Mayne Talby,72 Carpenter Avenue,7326,98520,Suç,,,3561649319305990
Fredi Crab,37 Vermont Alley,3752,71886,Plettenberg Bay,,6606,5018302971982770400
Andras Blockey,142 Hayes Center,1096,56079,Talnakh,,663330,6762288608684546726
Effie Brunskill,614 Boyd Avenue,5116,85172,Catache,,,560222952452899880
Crichton Ortell,74823 Lakewood Way,1576,129452,Pamyat’ Parizhskoy Kommuny,,606488,5602230646197933
Hermine Bucke,466 Fisk Street,5054,33230,Thị Trấn Lâm,,,5602213214977309499
Shirley Quainton,35 Cardinal Junction,6374,132818,Sabang,,3905,560223963377749182
Angelle Gillogley,30890 Hooker Place,9550,124834,Pingshi,,,5602257502860858
Menard Hammerberger,5 Armistice Court,6749,102725,Eksjö,Jönköping,575 94,5526487469260056
Loreen Avon,8 Westerfield Street,3874,48666,Dingcheng,,,3534093420699294
Ianthe Trotman,2259 Stuart Center,5240,132130,Rozvadov,,,5602240431260267
Jessalin Corner,7 Main Lane,3972,99729,Sarov,,607189,4026623578424070
Gonzalo Seleway,0556 Morrow Street,5112,121153,La Francia,,2426,6709122942834783512
Douglass Lesslie,84 Red Cloud Terrace,8959,104198,Sanxing,,,4903508300928233
Farand Moggach,79 Meadow Vale Alley,2185,148524,Kristiansund N,More og Romdal,6506,493604064871433812
Ynes Balls,22827 Anniversary Plaza,7790,47386,San Francisco,Guanajuato,36441,201412340154909
Isiahi Ferrini,69317 Esker Trail,3094,81715,Shaogongzhuang,,,30343839311121
Keefe MacPike,22 Haas Center,3807,128066,Saint Catherine,,,4041372574269
Elbert Alvy,889 Atwood Circle,1421,82746,Zaozhuang,,,3530507377481921
Reina Milington,700 Meadow Vale Crossing,9057,99550,Dongzhang,,,201649748216208
Roxana O'Lenechan,0 7th Center,1970,119559,pamas,,,3555941872312150
Artemas Cattrall,428 Summit Place,6838,123253,Samayac,,10009,3570322432149955
Boonie Pothergill,2 Bay Pass,8614,80264,Ormož,,2270,201808995245936
Ketty Giametti,880 Prairieview Street,4157,140650,Lederaba,,,337941267146578
Roarke Hugueville,4215 Merchant Road,3476,58861,Gulonggang,,,589377387740499957
Jerrilyn Richemont,7 Fairfield Park,2011,56225,Rongkou,,,3548414478305234
Enrika Flintoff,05 Graedel Point,7253,109640,Pulong Sampalok,,3009,5610810075556616
Abagael Muck,5 Lyons Point,3668,87431,Dzagam,,,6394019138372009
Brand Douberday,73 Meadow Vale Junction,4806,122244,Ramon’,,396026,3566324980704229
Flem Folley,99 Mallory Way,4298,105722,Bajawa,,,343183514664481
Gregoire Yeatman,626 Welch Plaza,9620,105160,Al Ḩawātah,,,201887722974000
Lorna Vossing,9342 Maple Wood Crossing,1691,44018,Villa Nueva,,5903,3576546360242663
Orrin Mattes,026 Mccormick Court,4300,102318,Bokor,,,3566765105525602
Romola Eberz,5989 Rutledge Terrace,4195,133152,Fujioka,,999-7638,3557364036791169
Scott Kohen,9 Laurel Parkway,8098,147717,Beijiang,,,3533410307182437
Emiline Barsam,99 Carioca Junction,7324,54848,Farsta,Stockholm,123 71,0604245382812502
Marcelline Martinyuk,7991 Hoffman Trail,5934,125821,Eybens,Rhône-Alpes,38327 CEDEX,6333782409157997525
Lizabeth MacAscaidh,468 Donald Place,4195,68886,Cafayate,,4427,5048374665412559
Shantee Ackeroyd,2 Saint Paul Circle,2951,42357,Qiryat Motzkin,,,4936825106331516
Estrella Wabersinke,82850 Glendale Drive,9858,35034,Dasht-e Lati,,,5109085613826858
Shelba Creigan,0 Jenifer Plaza,1761,38839,Palecenan,,,4041592610924093
Timothea Kingsnorth,468 Melrose Junction,7421,111338,Wanjia,,,30421425774025
Blondelle Kirkebye,07763 Novick Junction,4380,88892,Józefosław,,05-509,3581677519635581
Samuel Tooting,93314 South Street,9449,87904,Kovilj,,,3579272971258918
Allys Baggett,732 Lukken Court,1237,145756,Rauna,,,63043600652889837
Harper Goddman,5821 Meadow Ridge Pass,7839,68659,Luozhou,,,4405618294601879
Harlin Ilden,050 Cordelia Parkway,7096,144528,Talu,,,3584274298599316
Rutter Dwelley,9523 Grasskamp Plaza,3779,78083,Freiria,Santarém,2040-105,4017959095532164
Humphrey Birks,957 Butternut Hill,7327,129267,Unity,Saskatchewan,J8R,58939006548110783
Kip Kavanagh,0249 South Alley,7748,89102,La Loma,Veracruz Llave,92148,201456502541817
Janet Kristufek,7 Dakota Terrace,2224,124729,Mingyu,,,67594022031793776
Evan Delamere,41762 Colorado Point,2590,66866,Charleston,West Virginia,25389,6385073961662847
Kaile Walisiak,4134 Darwin Place,4885,88479,Rammūn,,,30176412580286
Roddy McDermid,33600 Claremont Trail,6348,67522,Kuluran,,,5207262757653155
Jeth Fern,420 Montana Junction,2236,65753,Thoeng,,57160,347300691557462
Ty Sieghart,40 Sloan Way,9696,70761,Zaranj,,,3565860640967681
Torie Margarson,372 2nd Terrace,9362,113334,Khvānsār,,,5602252803092111
Dimitry Burnall,5592 Corscot Pass,1164,59563,Buenlag,,2424,4175009554265225
Anet Tremblet,954 Springs Street,2009,42733,Mina Clavero,,5889,3547873552999454
Cassi McMeanma,9 Brentwood Terrace,5583,44578,Chelles,Île-de-France,77504 CEDEX,201513451575988
Tynan Dobbings,8 Amoth Plaza,7755,100075,Priekulė,,96047,6390933690182446
Brendan Gillies,6 Northland Crossing,2206,90065,Koran,,,5038914691956251
Virgil Bickerstasse,18 Petterle Street,9737,93080,Zhulebino,,140074,5602240744232557
Barnaby Berrie,1419 Sage Circle,2599,88234,La Montañita,,181067,560221102171586365
Ronica Valler,57 Elmside Terrace,7152,97415,Hortolândia,,13183-000,3552863693655364
Nicky Cayley,00 Hudson Alley,7838,55692,Balidian,,,3582190415691301
Killy Bryenton,61 Hudson Avenue,1379,96000,Vavozh,,427314,201680023618602
Roby Mueller,40652 Hollow Ridge Pass,7865,47768,Hexi,,,5370538301883997
Melisande Klee,94 Maple Alley,9886,83602,Grabovci,,22215,5304411091286055
Ave Pollastro,815 Hoffman Avenue,7434,45779,Mekarsari,,,30419873623025
Fayette Paradyce,1175 Nova Circle,5191,108403,Pembroke,,PBK,5007664296810687
Elinore Caley,645 East Park,6717,98818,Balong,,,5100140708781457
Lilia Stonebridge,897 Elka Court,6029,141883,Uacon,,1169,3568174700718449
Ferdinande Bortol,377 Ludington Crossing,7630,74050,San Roque,,4630,3538861409424751
Glynn Vizard,982 Eagan Way,4500,64064,Sainte-Anne-des-Monts,Québec,L8P,3563721749203745
Isador Edelmann,76 Coolidge Plaza,8227,40604,Qijia,,,3551463444056912
Rudy Behnecken,4 Prentice Junction,8795,116499,Zhulebino,,140074,3552848709024218
Winthrop Orris,43062 Briar Crest Lane,3973,54934,Wu’erbu Baolige,,,3545166052781866
Dani Kennifeck,9 Lakewood Gardens Plaza,1353,63152,Naples,Florida,34108,30120446334054
Zabrina Pudsall,8340 Scoville Way,9055,46988,Wenxi,,,5610544462312222
Romola Holston,65687 Vahlen Court,4007,144387,Calibutbut,,1470,5602258514116842
Zacharia Faiers,26 Oneill Road,4771,148612,München,Bayern,81679,4936777353848526294
Erhard Boman,2858 Erie Crossing,5590,144618,Caucete,,5442,6767307686574903369
Bee Pifford,5 Lien Crossing,7547,87708,Nguken,,,3534976508743234
Mil Ilett,3 Center Hill,6334,101206,Colombo,,83400-000,5126467304543704
Sol Bortoletti,409 Delaware Way,1187,67035,Barreiras,,47800-000,675947544791418652
Reginald Demare,3 Pepper Wood Center,2891,87534,Kempele,,90451,4041591102520
Jerome Pesselt,23113 Clove Trail,8278,122421,Likupang,,,4041378954555499
Horace Vescovini,83 Nobel Park,4265,77720,Kardamás,,,5602232440265882
Harley O'Donoghue,1 Warner Crossing,9898,124016,Jingdezhen,,,3570134120524617
Zelma Jaumet,0 5th Point,5463,102885,Harrison Brook,New Brunswick,E7E,3532738234913727
Meade Joberne,5973 Roth Lane,6026,39724,Takarazuka,,666-0137,4017957460168010
Celia Ciani,9303 Cordelia Park,9902,40475,Radlje ob Dravi,,2360,4911593545437733877
Aymer Kehoe,1942 Ramsey Court,3665,112628,Ribeiro,Viana do Castelo,4950-719,5602226346490552
Andie Corona,77235 Summit Center,6740,103586,Al Munīrah,,,201687980303912
Celine Robertucci,5 Crescent Oaks Trail,5222,96062,Providencia,,,3560020477261568
Hanan Lax,514 Mifflin Road,8680,32910,Klavdiyevo-Tarasove,,,373476600088794
Ranee Shipton,89813 Schiller Hill,5950,34837,Albany,New York,12210,3562147656727354
Jerad Jossum,74826 Express Trail,9706,49013,Boniewo,,87-851,589340849609405783
Roana Salery,1 Prairieview Alley,4654,36083,Longtou,,,5100147620670957
Shela Fischer,1 Corry Court,7306,72424,Wawu,,,201619053391805
Krishnah Kaser,83460 Harper Junction,9710,49949,San Francisco,San Luis Potosi,78490,3585775650815438
Donavon Muggleston,07475 Alpine Hill,3851,37290,Sangallaya,,,5602256991653378
Skye Hellewell,3 Killdeer Park,3465,132040,Mamburao,,5106,3535821379804138
Tim Daville,05172 Kennedy Junction,9847,108009,Hushan,,,201475281958414
Curtice Moorhouse,1055 Artisan Crossing,9109,129029,Kushtia,,7052,6331101490365554033
Spencer Glasspoole,655 Atwood Lane,8961,78188,Ordem,Leiria,2430-159,4041372652905486
Paulita Marton,408 Swallow Center,1316,74909,Kokologo,,,5010128892345857
Elliott Antonat,1 Crownhardt Drive,7239,41841,Waldbredimus,,L-5465,337941632872437
Parnell Diboll,45317 Northview Crossing,9551,119129,Changtu,,,5602243966476548
Rodi Blankenship,47 Esker Place,5139,63204,Chiara,,,6706704062710687
Daria Grotty,184 Grover Center,1268,140681,Kamenné Žehrovice,,273 01,3561936034721985
Sherrie Reubens,80 Toban Center,9010,75563,Mosteiros,Portalegre,7340-214,501809675811483063
Melania Ely,00 Mallory Parkway,1767,56682,Laranganglintong,,,3553319521074681
Emmalynn Trime,14 Fieldstone Street,5679,145080,Malšice,,391 75,201887641876955
Gerda Rallinshaw,292 Comanche Junction,6230,92681,Daniëlskuil,,8405,5602225825144144
Ashley Aliberti,7 Sutteridge Trail,9901,122022,Georgīevka,,,6333159107687876962
Newton Studholme,87 Merrick Trail,9625,141119,Gexi,,,3539483082046352
Allianora Childers,076 Anthes Avenue,4849,102554,Carrigaline,,P43,67627934567766870
Lisle Burchell,684 Spenser Point,7913,137836,Villa Verde,,3605,3581733162892811
Saul Carnier,56 Scoville Lane,4506,67693,Duncan,British Columbia,V9L,201463789839815
Cicely Linthead,080 Hazelcrest Avenue,9010,89354,Qila Abdullāh,,86201,201637222570463
Gilberta Arboin,21 Arkansas Street,1073,143632,La Libertad,,,3574317343191050
Ulick Saphir,60027 Oak Parkway,1552,128765,Thessaloníki,,,3583768310075883
Sasha Yorston,6 Declaration Street,6836,116225,Muara Dua,,,4026274027867426
Wenda Olivera,3 Fisk Avenue,4428,146706,Protaras,,,3565111472673108
Dillie Baum,2854 Spaight Alley,5427,96547,Valuyki,,309999,3581548295413289
Bernardine Cusworth,8718 South Alley,6564,63929,Baisha,,,5002352449963315
Jaymee Hugle,87 Truax Street,2785,94549,Maizuru,,626-0072,0604110665342538
Rae Salery,5 Troy Street,1006,72480,Az Zaytūnīyah,,,6386362098219137
Rebekah Rubi,82571 Heffernan Drive,7211,76764,Mysove,,,3581315178625417
Kaja Molson,340 Lakewood Trail,2124,134193,Caicun,,,3583465692402146
Noni Margeram,234 Corry Center,3044,57951,Gualeguay,,2840,3584086626140989
Brant Brackenbury,30606 Blue Bill Park Crossing,2404,82296,Bajing,,,30403026863761
Isidora Bawle,03664 Paget Hill,6801,63289,Changshu City,,,3530870378068562
Renado Rawdall,747 Debs Plaza,7018,98741,Yanjiang,,,6382605108265555
Rollie Sharvell,94381 Macpherson Crossing,1589,126047,Panggungsari,,,3583246013120249
Ban Yelding,12872 Lakewood Place,3630,138272,Quanling,,,5610825709071949
Ki Durrans,843 Randy Crossing,4833,99628,Zalewo,,14-230,3562472202970823
Antone Drust,040 Eastwood Way,9235,149244,Sembakung,,,3575241226671088
Adah Metzig,37895 Karstens Circle,9820,122828,Longgang,,,3585015399673008
Marybelle Pattillo,45390 Nova Point,9750,82573,Pöytyä,,21880,502006330648353365
Bibi Tarbatt,9 Alpine Place,2742,37964,Izmaylovo,,662686,5893071963559661
Rikki Ambroziak,9 Loftsgordon Parkway,9850,90093,Nesterov,,238026,3544469558482919
Bartram Tookey,8 Graceland Park,4118,56566,Jingmao,,,4041378781462
Celine Andrassy,5990 Hagan Terrace,2138,119133,Sakhipur,,1950,3537438465205142
Ber Kellog,929 Sage Place,6400,98361,Ikeja,,,63046243447239815
Aloise Stansell,0 Washington Pass,2186,38059,Sułów,,56-306,36449417837496
Nikola Cassie,61 Duke Court,5884,34401,Xunzhong,,,3556885215535663
Celka Houten,41976 Welch Court,4002,42209,Akoupé,,,5602234094737182
Verene Laverick,9346 Main Parkway,8697,40746,Chicago,Illinois,60624,4917067790514395
Yvor Armsden,9871 Kenwood Road,4409,124160,Nusajaya,Johor,79518,5602228736233535
Annalee Shearmur,20994 Homewood Lane,4178,40175,Wolonio,,,4026162158361287
Rowan Maher,8 Ludington Way,8442,74286,Nantes,Pays de la Loire,44019 CEDEX 1,30057313771390
Gigi Kennedy,75968 Talisman Place,3783,145141,Tournai,Wallonie,7536,5444609766553441
Cecelia Greatbank,8 Jenifer Alley,9292,104104,Pocsi,,,4508422142870935
Amara Stiles,9 Bunker Hill Park,9896,126613,San José de Miranda,,682027,201819518207493
Emmalynne Sibery,36 Rockefeller Avenue,5773,61868,Mahong,,,56022146795302444
Casie Leadbetter,75 Roth Park,4009,82994,Krasnyy Lyman,,,3541615158236930
Miran Mazillius,27 Straubel Crossing,2965,100212,Hénin-Beaumont,Nord-Pas-de-Calais,62254 CEDEX,3536499098869291
Gunilla Gittose,8 Sutherland Point,7651,56076,Talanga,,,5602235026553688
Hasheem Milland,7 Schiller Junction,6134,71380,Skien,Telemark,3716,36441687156301
Kalina Stachini,9 Huxley Court,2988,107639,Ūdalah,,,5602233057916353
Harriet Ryall,56 Hanover Park,2651,107970,Duba-Yurt,,366304,5100132441719191
Joshua Poston,97334 Lunder Place,3968,96640,Dobre,,88-210,4041593994452
Vernon Begent,210 Hallows Park,1442,51599,Kunjāh,,55151,5610434794523797
Drusie Ashborne,3 Garrison Circle,8248,77507,Los Rastrojos,,,3581606775006930
Hunter Martindale,318 Commercial Circle,4074,112704,Sulak,,427030,6304227724903793
Hunter Tall,907 Loomis Alley,4281,89727,Cognac,Poitou-Charentes,16104 CEDEX,379507984933017
Raychel Plascott,387 Gulseth Alley,4814,101343,Nahrīn,,,3528250263625210
Donnajean Maccrae,26922 Sauthoff Drive,6239,93395,Wonorejo,,,3528737195021906
Armando Coulthurst,70 Maple Pass,1602,76718,Shawnee Mission,Kansas,66276,4911782213648903
Shadow Gallemore,0 Fuller Center,1605,49454,Villa Consuelo,,10309,3567216165534687
Bradan Jermy,7004 Roxbury Place,1997,47134,Mar’’ina Horka,,,3580572775896350
Anjanette Whetland,4 Knutson Terrace,7191,104093,Ramana,,,5602242929686300
Constantia Oiller,06571 Larry Parkway,5738,36445,Berovo,,2330,3555421166595885
Rudolf Northbridge,2409 Sherman Lane,8640,147914,Yashalta,,359025,374283744856238
Arlene Welburn,35322 Oxford Trail,4306,58820,Waterloo,Ontario,N2L,3549439151350123
Hayley Tunnicliff,90 Prairieview Circle,4822,83249,Vyškov,,683 21,06045354296365500
Jada Barnes,156 Havey Alley,5798,39361,Conde,,58322-000,5602256252724595
Marrissa Cinavas,2204 La Follette Circle,9324,96717,Wonosari,,,3567228922346289
Shandee Whannel,4 Westport Park,9860,144236,Hua Sai,,80170,3574681203175432
Delia Ommundsen,05266 Caliangt Avenue,8899,60127,Yatsushiro,,286-0002,3562218765933322
Stafford Obray,35376 East Circle,8938,72735,Annino,,346516,5602223350477476
Kyla Bliss,7 Huxley Point,1944,138938,Ogaminan,,,5602223262904948
Floyd Seppey,91 Pleasure Trail,5077,31347,Alaverdi,,,5010121726518252
Rube Dacey,7542 Coleman Pass,3121,41780,Arevik,,,3563288179737071
Nana Bettenay,93 Killdeer Trail,9044,85163,Mendefera,,,5048371389126622
Tiphanie Tomblett,08 Iowa Pass,5326,40506,Mīrpur Sakro,,73240,5602247612862795
Olvan Petrolli,5 Myrtle Street,3918,102557,Kuala Lumpur,Kuala Lumpur,50802,3554643616978491
Lucina Pantry,4673 Bay Parkway,5984,141611,Ginowan,,901-2211,201844513974848
Tobias Harnes,31363 Corry Parkway,5638,71719,Huayllo,,,501868303536684232
Rafaelita Lenihan,21128 Pennsylvania Lane,1011,105735,Fálanna,,,201897530555776
Torre MacGillacolm,80965 Warbler Avenue,4426,140654,Tiling,,1112,3588887204092922
Steward Baldrick,9362 East Crossing,3738,106795,Beraim,,,3539455985450568
Terence Farnaby,5550 Sommers Junction,6751,114134,Ershilipu,,,201894590288950
Shep Fenna,256 Riverside Park,8547,34621,Luleå,Norrbotten,974 23,3553831458738849
Junina Verbruggen,29 Melrose Plaza,8371,70403,Spodnja Hajdina,,2325,5400515881309274
Geoff Dermot,3 Browning Junction,9679,101077,Vila Franca,Viana do Castelo,4935-621,3555260997700276
Silvanus Hardesty,17296 Dawn Parkway,5237,77151,Auxerre,Bourgogne,89010 CEDEX,5589691520790084
Jeffy Trimmill,2 Spenser Circle,5076,44342,Pampas,,,5010124776138526
Irita Priestman,8397 Blaine Place,9468,84286,Marseille,Provence-Alpes-Côte d'Azur,13464 CEDEX 16,3537275484286202
Tobiah O'Toole,05484 Shopko Court,3158,132349,New York City,New York,10160,30358971509720
Jennine Hierro,44 Rigney Street,8087,96518,Governador Valadares,,35000-000,3543350837544904
Seamus Kasper,02709 Division Place,6168,129106,Shizuoka-shi,,424-0888,337941537388141
Mattie Rowler,122 Farragut Way,8683,132786,København,Region Hovedstaden,1770,5602245744726029
Marthe Sirette,36208 Alpine Trail,8708,111231,Van Nuys,California,91499,3540822692792409
Kelcey Moretto,598 Dorton Lane,7514,39375,Berlin,Berlin,12045,5602234668372358
Kit Wiggans,38585 Oak Center,9431,127929,Santa María de Caparo,,,5048375043382174
Else Pett,10 Prentice Hill,8682,146583,Lyon,Rhône-Alpes,69488 CEDEX 03,201877597622297
Olympia Langshaw,75297 Paget Crossing,5667,107378,Dahe,,,3552870515040584
Krissie Figura,94 Dakota Alley,5896,41219,Bualan,,9706,560222147402706919
Lenna Blazhevich,9185 Di Loreto Drive,2200,111310,Banjar Tibubiyu Kaja,,,3529937499226388
Leisha Niche,2831 Cardinal Junction,9870,46282,Malo,,,3550492059695830
Robinson Michelotti,41 Claremont Park,2965,109526,Tucheng,,,3582064194267239
Prissie Jenkyn,79043 Blue Bill Park Terrace,9225,136892,Armenta,,,4903411704736940
Gaston Barradell,760 Lukken Park,5901,98228,La Huerta,Mexico,53338,3558100673878664
Lolly Stanney,91777 Anniversary Pass,2832,55649,Corail,,,5602239509065130206
Edd Picknett,05134 Sycamore Avenue,1966,146951,Cihaur,,,4041595910617713
Dasya Crummy,6469 Towne Street,2210,40488,Selemadeg Kelod,,,3534069066612494
Lisbeth Burbage,20 Clemons Terrace,3220,118559,Lingyuan,,,201527822015946
Val Woolfitt,2 Dryden Terrace,4773,41414,Tiling,,1112,677156541027470772
Yolanthe Kaming,8961 Anderson Alley,7982,84272,Tower,,P31,201914168718194
Mordy Fant,630 Browning Junction,5176,94867,Kavalerovo,,692425,4041376814615685
Carlos Preddle,8538 Butternut Drive,9574,38447,Aricapampa,,,201786346159701
Jefferey Flippelli,76847 Donald Junction,8108,122576,Lugang,,,374288146303374
Dodi Dinneges,1 Vidon Center,5620,70214,Progreso,,,3567342302844100
Cybil Stollen,610 Helena Junction,7121,144155,Helong,,,6706439369833320365
Jilli Condliffe,6187 Mariners Cove Center,9560,138778,Rajūzah,,,3586537483259591
Elysha Fusedale,1 Rieder Avenue,8168,44975,Wonorejo,,,503838935359863923
Engracia Drioli,702 Prentice Junction,5477,139653,Bangekdewa,,,3581870868498608
Janaya Verey,9640 Mandrake Lane,5409,131266,Ai Tu,,,5602219749646458
Wynne Whitty,1953 Northview Terrace,9903,72940,Villasis,,2427,3568241702235274
Diann Sibyllina,36727 Muir Point,1842,64998,Mt Peto,,,5602244347360401
Emlen Samwaye,759 Debra Crossing,2426,90721,Bhairab Bāzār,,3521,5436622360606986
Earvin Pettisall,3503 Westerfield Place,8162,125861,Binglincha,,,3557443998324738
Aubrette Cowmeadow,978 Forest Dale Way,1745,61264,Lombo Meão,Aveiro,3840-467,4546914491038
Lauritz Flawn,733 Eagan Drive,4090,100557,Solna,Stockholm,171 43,3562834215974789
Giraldo Sheber,17635 Basil Alley,7803,116453,Qiashui,,,3529453137094634
Hettie Ogilby,71 Merchant Hill,5264,147029,Naftalan,,,5602258942672564
Jarrod Hapgood,213 Manitowish Drive,8597,56185,Duki,,84200,3546635051595849
Franchot Winteringham,2229 Meadow Valley Alley,3162,106547,Maluso,,7303,3584344736629866
Kassey Gauntlett,75120 Porter Road,9698,112816,Efkarpía,,,3561790309623560
Atalanta Trosdall,2506 Fair Oaks Road,9354,41858,Dete,,,560225962947230002
Shalna Hollindale,0106 5th Lane,8183,125802,Sarandi,,99560-000,5602248141664498120
Linn Kaufman,930 Truax Circle,5590,121919,Chambishi,,,201790727102835
Matthieu Hebbard,0610 Novick Point,3621,42910,Baracoa,,,3531940942350983
Niel Freire,17 Debra Point,3217,69412,Santa Cruz Cabrália,,45807-000,3536285784681466
Augy Lyness,8331 Ilene Place,7389,75532,Ayacucho,,,3531295857688012
Mable Iacovuzzi,7719 Grover Plaza,3437,112960,Vilémov,,783 22,5536282383823651
Erin Chellenham,4 Basil Center,4540,61635,Rennes,Bretagne,35704 CEDEX 7,3581622157656762
Bette Loughan,5315 Thompson Junction,6212,77691,Balud,,5412,5602217227752764
Inez Melson,1100 Browning Alley,2026,31449,Qingxi,,,5602236142759563
Saree Chapple,0643 Monterey Avenue,1673,125972,Lamawalang,,,493631285313238900
Cornell Bulfield,2884 Rigney Circle,9324,49023,Fangxian,,,5893731800168220
Olivero Stolz,6020 Kingsford Avenue,7112,147263,Đắk Mil,,,676357229884811069
Lloyd Toomey,028 Stuart Center,5416,71077,Vrachnaíika,,,3558835756188453
Iorgos Jandourek,17 Bluejay Street,7598,36785,Xiangshan,,,5010127822588495
Margaretta Linfitt,083 Butternut Lane,1610,53525,Niono,,,6771814950392206076
Siobhan Darte,5380 Spenser Terrace,8082,143212,Kim Sơn,,,589353716720279732
Katrine Yearby,130 Burrows Hill,3639,89347,Paris 03,Île-de-France,75151 CEDEX 03,3589459614634799
Valeria Goulder,37764 Tomscot Trail,6923,124707,Saari,,59511,5610630333515398
Tait Denkel,0347 Mccormick Road,5515,108995,Tonantins,,69685-000,201653562195423
Coretta Bottleson,8075 Brown Center,8937,97803,Yanagawa,,990-1274,30135673486385
Ingeberg Gallaher,33 Continental Way,3087,42788,Hongshan,,,6761924361722728
Gavan Brandenburg,25097 Sugar Street,4844,139641,Chongqing,,,3564154131450964
Belle Howle,022 Rutledge Trail,2599,67107,Balai,,,3535103407897081
Rorke Hirsthouse,0 Caliangt Plaza,8042,142197,Fika,,,3573583079617599
Kitty Skentelbury,155 Cardinal Street,3699,137870,Ciulu,,,3547427906029201
Yvonne Caldayrou,216 East Circle,5407,48381,Samho-rodongjagu,,,0604724875811064
Franni Bounde,59387 Fisk Court,6913,145226,Matlang,,6540,50202885168052681
Fleurette Covolini,44166 5th Way,9893,103429,Cipunglu,,,6334084284491824
Prescott Teasell,6452 Kenwood Parkway,1670,66534,Pedregal,,,3549620597098463
Tamarah O'Hannigan,2789 Express Center,3690,119018,Madalena,Ilha do Pico,9950-325,3544964203122563
Booth Vina,6404 Rusk Hill,4879,66384,Sujiatun,,,3548651366554841
Grantham Fantonetti,9 Fairview Court,1699,68488,Muarabadak,,,374283459157251
Andrea Reidshaw,294 Pawling Lane,7557,63356,Charleston,West Virginia,25326,589352764034280013
Claudius Choake,1555 Ilene Plaza,2009,80783,Aozai,,,493633903335763337
Mattheus Plaschke,36 Main Court,9057,45705,Ocoruro,,,5582785524253219
Dulcie Crippen,40 Tennessee Crossing,6173,112080,Jacaraú,,58278-000,5602235287546232586
Domenic Horsted,72 Northfield Junction,5965,89116,Samboan,,6027,3531088615660997
Perry Cogman,801 Elmside Circle,3663,128450,Uzdin,,,3582905299354001
Miguel Trinbey,20242 Carey Park,8387,33875,Dampek,,,3560852312604861
Wilt Banbrook,10437 Village Green Lane,6306,130169,Vorontsovka,,353664,6759389290355701924
Caldwell Djurevic,3158 Bobwhite Lane,5823,114951,Kiambu,,,5602249106085941
Spencer Victoria,41 Memorial Circle,4215,147332,Filothéi,,,3551065566191466
Chucho Siviour,88 North Trail,7625,79616,Frederiksberg,Region Hovedstaden,1802,6761669578814038145
Brynne Gallant,40 Dottie Park,4186,137126,Fanzhen,,,3530067999840970
Lotty Grimsdell,9473 American Ash Terrace,3626,42720,Bern,Kanton Bern,3011,4936218141110548881
Berte Pavkovic,3039 Talmadge Alley,7996,91581,Longtan,,,5100146005874796
Briney Loreit,09376 Schmedeman Hill,6457,92144,Rosso,,,3549358864327246
Shermie Condict,503 Cody Pass,1001,129854,Dapeng,,,3587582892487556
Cecile Avo,393 Buhler Lane,4613,149054,Altavista,Tamaulipas,87900,374283480523158
Richardo Arthurs,961 Carey Junction,1665,103264,Yoshkar-Ola,,424999,5602226221236793269
Antonetta Casina,7640 Vermont Alley,9108,136813,Tulsa,Oklahoma,74116,6759865079544397
Carlita Slowley,350 Dakota Way,6945,104879,Hirara,,906-0301,3554390226491362
Jeff Cagan,98617 Gerald Circle,1178,68937,Krajan Tegalombo,,,3564422110368543
Papagena Plaxton,72 Knutson Pass,7568,66256,Gaohu,,,3539079461137521
Haydon Antognoni,1326 Corscot Trail,4145,124410,Lewo,,,3549172044635463
Libbie Seefus,718 Carey Drive,7574,37070,Bejsce,,28-512,3536010592575001
Rose Gerrens,561 South Avenue,5757,92959,Santa María Chiquimula,,08006,5602257708002008
Devi Hovenden,668 Farmco Park,4965,92176,Duisburg,Nordrhein-Westfalen,47239,201443017517037
Charis Johnke,07 Tomscot Plaza,4636,126491,Vista Hermosa,,,3531521603952984
Bella Hambric,706 Canary Court,8735,124965,Zakliczyn,,32-840,3579436476446076
Travis Reddy,88 Oakridge Junction,4098,123368,Wadung,,,4405752734990103
Lory Crayton,00 Monument Street,9119,65207,Cartagena,,130027,5100138058974797
Cy Leppington,6 2nd Pass,7724,49937,Hal’shany,,,5602230149896767
Tami Attwood,731 Graedel Way,6110,126798,Rudnyy,,,3550788696420437
Thorpe Benoit,2 5th Parkway,6000,119385,Xiasi,,,3548663539155638
Evelina Schruurs,7 Cardinal Way,7325,95854,Kŭlob,,,560223585327536417
Esme Wingate,624 Buena Vista Trail,1227,118659,Lleida,Cataluna,25198,374622695732544
Lilias Mawer,3760 Summerview Junction,2513,79832,Água Retorta,Ilha de São Miguel,9650-015,3583213933515882
Marci Langford,87 Rieder Circle,5718,50961,Roubaix,Nord-Pas-de-Calais,59055 CEDEX 1,201657399677503
Jody Weiss,131 Del Mar Parkway,7273,41619,Angelochóri,,,5299793118150910
Hew Woodham,47289 Ridgeview Road,9679,112864,Lagunillas,Jalisco,49580,5602249349174585
Jewelle McClenan,9 Dovetail Plaza,5096,83004,Javhlant,,,0604228768839676050
Demetri Houlson,64 Eagan Street,6002,58309,Lycksele,Västerbotten,921 41,3530447245095563
Bay Glanton,5085 Vera Drive,7865,89142,Sośno,,89-412,3580999639602213
Berke MacConnal,1692 Dexter Crossing,2555,135233,Sobeok,,,3579010345827335
Joan Cordrey,770 Golf Circle,3387,99028,Piña,,3600,3572185665858446
Casey Filliskirk,66462 Scofield Pass,9716,98114,Tiguion,,2714,4999219483962
